placa,data_posicao,velocidade,longitude,latitude,ignicao
TESTE001,Wed Dec 12 2018 00:04:03 GMT-0200 (Hora oficial do Brasil),0,-51.469891,-25.3649141,false
TESTE001,Wed Dec 12 2018 00:34:06 GMT-0200 (Hora oficial do Brasil),0,-51.4699098,-25.3649175,false
TESTE001,Wed Dec 12 2018 01:04:09 GMT-0200 (Hora oficial do Brasil),0,-51.4699588,-25.3649551,false
TESTE001,Wed Dec 12 2018 01:34:12 GMT-0200 (Hora oficial do Brasil),0,-51.4698871,-25.3649138,false
TESTE001,Wed Dec 12 2018 02:04:15 GMT-0200 (Hora oficial do Brasil),0,-51.4699223,-25.364885,false
TESTE001,Wed Dec 12 2018 02:34:18 GMT-0200 (Hora oficial do Brasil),0,-51.4699111,-25.364896,false
TESTE001,Wed Dec 12 2018 03:04:22 GMT-0200 (Hora oficial do Brasil),0,-51.469953,-25.364846,false
TESTE001,Wed Dec 12 2018 03:34:26 GMT-0200 (Hora oficial do Brasil),0,-51.4699506,-25.3649141,false
TESTE001,Wed Dec 12 2018 04:04:29 GMT-0200 (Hora oficial do Brasil),0,-51.4698788,-25.3648976,false
TESTE001,Wed Dec 12 2018 04:34:32 GMT-0200 (Hora oficial do Brasil),0,-51.4699216,-25.3648943,false
TESTE001,Wed Dec 12 2018 05:04:35 GMT-0200 (Hora oficial do Brasil),0,-51.4699051,-25.3648238,false
TESTE001,Wed Dec 12 2018 05:34:38 GMT-0200 (Hora oficial do Brasil),0,-51.4699125,-25.3649338,false
TESTE001,Wed Dec 12 2018 06:04:42 GMT-0200 (Hora oficial do Brasil),0,-51.4698938,-25.3648955,false
TESTE001,Wed Dec 12 2018 06:34:45 GMT-0200 (Hora oficial do Brasil),0,-51.4699118,-25.364886,false
TESTE001,Wed Dec 12 2018 07:04:48 GMT-0200 (Hora oficial do Brasil),0,-51.4699666,-25.364897,false
TESTE001,Wed Dec 12 2018 07:34:51 GMT-0200 (Hora oficial do Brasil),0,-51.4699385,-25.3649003,false
TESTE001,Wed Dec 12 2018 08:04:54 GMT-0200 (Hora oficial do Brasil),0,-51.4699273,-25.3649003,false
TESTE001,Wed Dec 12 2018 08:34:57 GMT-0200 (Hora oficial do Brasil),0,-51.4699368,-25.3649311,false
TESTE001,Wed Dec 12 2018 09:04:59 GMT-0200 (Hora oficial do Brasil),0,-51.4699168,-25.3649196,false
TESTE001,Wed Dec 12 2018 09:35:02 GMT-0200 (Hora oficial do Brasil),0,-51.46992,-25.3649506,false
TESTE001,Wed Dec 12 2018 10:05:05 GMT-0200 (Hora oficial do Brasil),0,-51.4699121,-25.3649246,false
TESTE001,Wed Dec 12 2018 10:35:08 GMT-0200 (Hora oficial do Brasil),0,-51.469902,-25.3649085,false
TESTE001,Wed Dec 12 2018 11:05:11 GMT-0200 (Hora oficial do Brasil),0,-51.469938,-25.3649175,false
TESTE001,Wed Dec 12 2018 11:35:14 GMT-0200 (Hora oficial do Brasil),0,-51.4699128,-25.3648926,false
TESTE001,Wed Dec 12 2018 12:05:17 GMT-0200 (Hora oficial do Brasil),0,-51.4698916,-25.3649296,false
TESTE001,Wed Dec 12 2018 12:35:20 GMT-0200 (Hora oficial do Brasil),0,-51.4699536,-25.3649388,false
TESTE001,Wed Dec 12 2018 13:05:23 GMT-0200 (Hora oficial do Brasil),0,-51.4699221,-25.3648968,false
TESTE001,Wed Dec 12 2018 13:35:26 GMT-0200 (Hora oficial do Brasil),0,-51.4699671,-25.3649516,false
TESTE001,Wed Dec 12 2018 14:05:29 GMT-0200 (Hora oficial do Brasil),0,-51.4699553,-25.364873,false
TESTE001,Wed Dec 12 2018 14:35:32 GMT-0200 (Hora oficial do Brasil),0,-51.4699805,-25.3648641,false
TESTE001,Wed Dec 12 2018 15:05:35 GMT-0200 (Hora oficial do Brasil),0,-51.4699333,-25.3649055,false
TESTE001,Wed Dec 12 2018 15:35:38 GMT-0200 (Hora oficial do Brasil),0,-51.4699341,-25.3649446,false
TESTE001,Wed Dec 12 2018 16:05:42 GMT-0200 (Hora oficial do Brasil),0,-51.4699285,-25.3649171,false
TESTE001,Wed Dec 12 2018 16:35:45 GMT-0200 (Hora oficial do Brasil),0,-51.4699415,-25.3649151,false
TESTE001,Wed Dec 12 2018 17:05:49 GMT-0200 (Hora oficial do Brasil),0,-51.4698828,-25.3649021,false
TESTE001,Wed Dec 12 2018 17:35:52 GMT-0200 (Hora oficial do Brasil),0,-51.4699023,-25.3649736,false
TESTE001,Wed Dec 12 2018 18:05:55 GMT-0200 (Hora oficial do Brasil),0,-51.4699301,-25.3648981,false
TESTE001,Wed Dec 12 2018 18:35:58 GMT-0200 (Hora oficial do Brasil),0,-51.4699111,-25.364889,false
TESTE001,Wed Dec 12 2018 19:06:01 GMT-0200 (Hora oficial do Brasil),0,-51.4699213,-25.3648716,false
TESTE001,Wed Dec 12 2018 19:36:04 GMT-0200 (Hora oficial do Brasil),0,-51.4698893,-25.3648638,false
TESTE001,Wed Dec 12 2018 20:06:07 GMT-0200 (Hora oficial do Brasil),0,-51.4698735,-25.3649015,false
TESTE001,Wed Dec 12 2018 20:36:10 GMT-0200 (Hora oficial do Brasil),0,-51.4699235,-25.364922,false
TESTE001,Wed Dec 12 2018 21:06:13 GMT-0200 (Hora oficial do Brasil),0,-51.4699446,-25.3649245,false
TESTE001,Wed Dec 12 2018 21:36:16 GMT-0200 (Hora oficial do Brasil),0,-51.4699275,-25.364921,false
TESTE001,Wed Dec 12 2018 22:06:19 GMT-0200 (Hora oficial do Brasil),0,-51.4699225,-25.3648861,false
TESTE001,Wed Dec 12 2018 22:36:21 GMT-0200 (Hora oficial do Brasil),0,-51.4699201,-25.3648996,false
TESTE001,Wed Dec 12 2018 23:06:25 GMT-0200 (Hora oficial do Brasil),0,-51.4698895,-25.3648771,false
TESTE001,Wed Dec 12 2018 23:36:28 GMT-0200 (Hora oficial do Brasil),0,-51.4698733,-25.3649048,false
TESTE001,Wed Dec 13 2018 00:06:31 GMT-0200 (Hora oficial do Brasil),0,-51.4699545,-25.3649083,false
TESTE001,Wed Dec 13 2018 00:36:34 GMT-0200 (Hora oficial do Brasil),0,-51.4699038,-25.3648861,false
TESTE001,Wed Dec 13 2018 01:06:37 GMT-0200 (Hora oficial do Brasil),0,-51.4699203,-25.3648535,false
TESTE001,Wed Dec 13 2018 01:36:40 GMT-0200 (Hora oficial do Brasil),0,-51.4699281,-25.3648973,false
TESTE001,Wed Dec 13 2018 02:06:44 GMT-0200 (Hora oficial do Brasil),0,-51.469911,-25.3648775,false
TESTE001,Wed Dec 13 2018 02:36:47 GMT-0200 (Hora oficial do Brasil),0,-51.469942,-25.3649093,false
TESTE001,Wed Dec 13 2018 03:06:50 GMT-0200 (Hora oficial do Brasil),0,-51.4699666,-25.3649156,false
TESTE001,Wed Dec 13 2018 03:36:53 GMT-0200 (Hora oficial do Brasil),0,-51.4699606,-25.3648976,false
TESTE001,Wed Dec 13 2018 04:06:56 GMT-0200 (Hora oficial do Brasil),0,-51.4699236,-25.3649788,false
TESTE001,Wed Dec 13 2018 04:36:59 GMT-0200 (Hora oficial do Brasil),0,-51.4699591,-25.3648965,false
TESTE001,Wed Dec 13 2018 05:07:01 GMT-0200 (Hora oficial do Brasil),0,-51.4699126,-25.3648581,false
TESTE001,Wed Dec 13 2018 05:37:04 GMT-0200 (Hora oficial do Brasil),0,-51.4699108,-25.3649603,false
TESTE001,Wed Dec 13 2018 06:07:07 GMT-0200 (Hora oficial do Brasil),0,-51.46988,-25.36492,false
TESTE001,Wed Dec 13 2018 06:37:10 GMT-0200 (Hora oficial do Brasil),0,-51.4699468,-25.3649313,false
TESTE001,Wed Dec 13 2018 07:07:13 GMT-0200 (Hora oficial do Brasil),0,-51.4699435,-25.3649275,false
TESTE001,Wed Dec 13 2018 07:37:16 GMT-0200 (Hora oficial do Brasil),0,-51.4699078,-25.3648921,false
TESTE001,Wed Dec 13 2018 08:07:19 GMT-0200 (Hora oficial do Brasil),0,-51.469928,-25.3649106,false
TESTE001,Wed Dec 13 2018 08:37:21 GMT-0200 (Hora oficial do Brasil),0,-51.469958,-25.3649186,false
TESTE001,Wed Dec 13 2018 09:07:24 GMT-0200 (Hora oficial do Brasil),0,-51.4699256,-25.364874,false
TESTE001,Wed Dec 13 2018 09:37:27 GMT-0200 (Hora oficial do Brasil),0,-51.4699675,-25.3648606,false
TESTE001,Wed Dec 13 2018 10:07:30 GMT-0200 (Hora oficial do Brasil),0,-51.4699991,-25.364945,false
TESTE001,Wed Dec 13 2018 10:37:33 GMT-0200 (Hora oficial do Brasil),0,-51.4699531,-25.3649006,false
TESTE001,Wed Dec 13 2018 11:07:36 GMT-0200 (Hora oficial do Brasil),0,-51.4699123,-25.3648865,false
TESTE001,Wed Dec 13 2018 11:37:39 GMT-0200 (Hora oficial do Brasil),0,-51.4699135,-25.3648901,false
TESTE001,Wed Dec 13 2018 12:07:43 GMT-0200 (Hora oficial do Brasil),0,-51.4699678,-25.3649675,false
TESTE001,Wed Dec 13 2018 12:37:46 GMT-0200 (Hora oficial do Brasil),0,-51.4699683,-25.364934,false
TESTE001,Wed Dec 13 2018 13:07:49 GMT-0200 (Hora oficial do Brasil),0,-51.4699355,-25.364874,false
TESTE001,Wed Dec 13 2018 13:37:52 GMT-0200 (Hora oficial do Brasil),0,-51.4699716,-25.3649676,false
TESTE001,Wed Dec 13 2018 14:07:55 GMT-0200 (Hora oficial do Brasil),0,-51.4699243,-25.3648706,false
TESTE001,Wed Dec 13 2018 14:37:58 GMT-0200 (Hora oficial do Brasil),0,-51.4700285,-25.3648628,false
TESTE001,Wed Dec 13 2018 15:08:02 GMT-0200 (Hora oficial do Brasil),0,-51.469924,-25.3649066,false
TESTE001,Wed Dec 13 2018 15:38:05 GMT-0200 (Hora oficial do Brasil),0,-51.4699498,-25.364933,false
TESTE001,Wed Dec 13 2018 16:08:08 GMT-0200 (Hora oficial do Brasil),0,-51.4699256,-25.3649296,false
TESTE001,Wed Dec 13 2018 16:38:11 GMT-0200 (Hora oficial do Brasil),0,-51.4699331,-25.3649261,false
TESTE001,Wed Dec 13 2018 17:08:14 GMT-0200 (Hora oficial do Brasil),0,-51.469937,-25.3649083,false
TESTE001,Wed Dec 13 2018 17:38:17 GMT-0200 (Hora oficial do Brasil),0,-51.4699813,-25.3648966,false
TESTE001,Wed Dec 13 2018 18:08:20 GMT-0200 (Hora oficial do Brasil),0,-51.4698716,-25.3649361,false
TESTE001,Wed Dec 13 2018 18:38:23 GMT-0200 (Hora oficial do Brasil),0,-51.4699578,-25.3648731,false
TESTE001,Wed Dec 13 2018 19:08:26 GMT-0200 (Hora oficial do Brasil),0,-51.4699211,-25.3648646,false
TESTE001,Wed Dec 13 2018 19:38:29 GMT-0200 (Hora oficial do Brasil),0,-51.4699006,-25.3648618,false
TESTE001,Wed Dec 13 2018 20:08:32 GMT-0200 (Hora oficial do Brasil),0,-51.4699216,-25.3648846,false
TESTE001,Wed Dec 13 2018 20:38:35 GMT-0200 (Hora oficial do Brasil),0,-51.4699343,-25.364945,false
TESTE001,Wed Dec 13 2018 21:08:38 GMT-0200 (Hora oficial do Brasil),0,-51.4699181,-25.3648933,false
TESTE001,Wed Dec 13 2018 21:38:41 GMT-0200 (Hora oficial do Brasil),0,-51.4699303,-25.3648806,false
TESTE001,Wed Dec 13 2018 22:08:44 GMT-0200 (Hora oficial do Brasil),0,-51.4699323,-25.3648836,false
TESTE001,Wed Dec 13 2018 22:38:47 GMT-0200 (Hora oficial do Brasil),0,-51.4699251,-25.3648863,false
TESTE001,Wed Dec 13 2018 23:08:50 GMT-0200 (Hora oficial do Brasil),0,-51.4699088,-25.3648528,false
TESTE001,Wed Dec 13 2018 23:38:53 GMT-0200 (Hora oficial do Brasil),0,-51.4699313,-25.3649138,false
TESTE001,Wed Dec 14 2018 00:08:56 GMT-0200 (Hora oficial do Brasil),0,-51.469933,-25.3648993,false
TESTE001,Wed Dec 14 2018 00:38:58 GMT-0200 (Hora oficial do Brasil),0,-51.4698688,-25.3648641,false
TESTE001,Wed Dec 14 2018 01:09:00 GMT-0200 (Hora oficial do Brasil),0,-51.4699373,-25.3649343,false
TESTE001,Wed Dec 14 2018 01:39:03 GMT-0200 (Hora oficial do Brasil),0,-51.4698966,-25.3648891,false
TESTE001,Wed Dec 14 2018 02:09:07 GMT-0200 (Hora oficial do Brasil),0,-51.4699285,-25.3649325,false
TESTE001,Wed Dec 14 2018 02:39:10 GMT-0200 (Hora oficial do Brasil),0,-51.4699075,-25.3649,false
TESTE001,Wed Dec 14 2018 03:09:13 GMT-0200 (Hora oficial do Brasil),0,-51.4699276,-25.3649213,false
TESTE001,Wed Dec 14 2018 03:39:16 GMT-0200 (Hora oficial do Brasil),0,-51.4699506,-25.3649025,false
TESTE001,Wed Dec 14 2018 04:09:18 GMT-0200 (Hora oficial do Brasil),0,-51.4699058,-25.3649203,false
TESTE001,Wed Dec 14 2018 04:39:22 GMT-0200 (Hora oficial do Brasil),0,-51.4698996,-25.3648626,false
TESTE001,Wed Dec 14 2018 05:09:25 GMT-0200 (Hora oficial do Brasil),0,-51.469876,-25.3648803,false
TESTE001,Wed Dec 14 2018 05:39:28 GMT-0200 (Hora oficial do Brasil),0,-51.4699198,-25.3649125,false
TESTE001,Wed Dec 14 2018 06:09:32 GMT-0200 (Hora oficial do Brasil),0,-51.4699398,-25.364918,false
TESTE001,Wed Dec 14 2018 06:39:35 GMT-0200 (Hora oficial do Brasil),0,-51.469995,-25.3648658,false
TESTE001,Wed Dec 14 2018 07:09:38 GMT-0200 (Hora oficial do Brasil),0,-51.4699478,-25.3648808,false
TESTE001,Wed Dec 14 2018 07:39:41 GMT-0200 (Hora oficial do Brasil),0,-51.469888,-25.3648953,false
TESTE001,Wed Dec 14 2018 08:09:43 GMT-0200 (Hora oficial do Brasil),0,-51.4699531,-25.3649106,false
TESTE001,Wed Dec 14 2018 08:39:46 GMT-0200 (Hora oficial do Brasil),0,-51.46991,-25.3648886,false
TESTE001,Wed Dec 14 2018 09:09:49 GMT-0200 (Hora oficial do Brasil),0,-51.4699768,-25.3648583,false
TESTE001,Wed Dec 14 2018 09:39:52 GMT-0200 (Hora oficial do Brasil),0,-51.4699736,-25.3648736,false
TESTE001,Wed Dec 14 2018 10:09:55 GMT-0200 (Hora oficial do Brasil),0,-51.4698985,-25.3648908,false
TESTE001,Wed Dec 14 2018 10:39:58 GMT-0200 (Hora oficial do Brasil),0,-51.4699571,-25.3649115,false
TESTE001,Wed Dec 14 2018 11:10:01 GMT-0200 (Hora oficial do Brasil),0,-51.4698888,-25.3648943,false
TESTE001,Wed Dec 14 2018 11:40:04 GMT-0200 (Hora oficial do Brasil),0,-51.4699575,-25.3648446,false
TESTE001,Wed Dec 14 2018 12:10:07 GMT-0200 (Hora oficial do Brasil),0,-51.46994,-25.3649028,false
TESTE001,Wed Dec 14 2018 12:40:10 GMT-0200 (Hora oficial do Brasil),0,-51.4700176,-25.364928,false
TESTE001,Wed Dec 14 2018 13:10:13 GMT-0200 (Hora oficial do Brasil),0,-51.4699388,-25.3648618,false
TESTE001,Wed Dec 14 2018 13:40:16 GMT-0200 (Hora oficial do Brasil),0,-51.4700676,-25.3648881,false
TESTE001,Wed Dec 14 2018 14:10:19 GMT-0200 (Hora oficial do Brasil),0,-51.4699241,-25.364868,false
TESTE001,Wed Dec 14 2018 14:40:22 GMT-0200 (Hora oficial do Brasil),0,-51.4699741,-25.3649655,false
TESTE001,Wed Dec 14 2018 14:43:07 GMT-0200 (Hora oficial do Brasil),0,-51.469969,-25.3648951,true
TESTE001,Wed Dec 14 2018 14:45:06 GMT-0200 (Hora oficial do Brasil),0,-51.4699006,-25.3649545,true
TESTE001,Wed Dec 14 2018 14:47:06 GMT-0200 (Hora oficial do Brasil),0,-51.469917,-25.364975,true
TESTE001,Wed Dec 14 2018 14:49:06 GMT-0200 (Hora oficial do Brasil),0,-51.4699336,-25.3649688,true
TESTE001,Wed Dec 14 2018 14:51:06 GMT-0200 (Hora oficial do Brasil),0,-51.4699423,-25.3649633,true
TESTE001,Wed Dec 14 2018 14:53:06 GMT-0200 (Hora oficial do Brasil),0,-51.4699488,-25.3649808,true
TESTE001,Wed Dec 14 2018 14:55:06 GMT-0200 (Hora oficial do Brasil),0,-51.4699538,-25.3649505,true
TESTE001,Wed Dec 14 2018 14:57:06 GMT-0200 (Hora oficial do Brasil),0,-51.4699533,-25.3649326,true
TESTE001,Wed Dec 14 2018 14:59:06 GMT-0200 (Hora oficial do Brasil),0,-51.4699513,-25.3649436,true
TESTE001,Wed Dec 14 2018 15:01:06 GMT-0200 (Hora oficial do Brasil),0,-51.4699645,-25.3649651,true
TESTE001,Wed Dec 14 2018 15:03:06 GMT-0200 (Hora oficial do Brasil),0,-51.469934,-25.3649556,true
TESTE001,Wed Dec 14 2018 15:05:06 GMT-0200 (Hora oficial do Brasil),0,-51.469926,-25.3649646,true
TESTE001,Wed Dec 14 2018 15:07:06 GMT-0200 (Hora oficial do Brasil),0,-51.4699153,-25.3649593,true
TESTE001,Wed Dec 14 2018 15:08:25 GMT-0200 (Hora oficial do Brasil),0,-51.4699311,-25.3649606,false
TESTE001,Wed Dec 14 2018 15:08:25 GMT-0200 (Hora oficial do Brasil),0,-51.4699311,-25.3649606,false
TESTE001,Wed Dec 14 2018 15:40:28 GMT-0200 (Hora oficial do Brasil),0,-51.4699666,-25.3649753,false
TESTE001,Wed Dec 14 2018 16:10:30 GMT-0200 (Hora oficial do Brasil),0,-51.4699085,-25.3649238,false
TESTE001,Wed Dec 14 2018 16:40:33 GMT-0200 (Hora oficial do Brasil),0,-51.4699563,-25.364919,false
TESTE001,Wed Dec 14 2018 17:10:36 GMT-0200 (Hora oficial do Brasil),0,-51.4699208,-25.3649073,false
TESTE001,Wed Dec 14 2018 17:40:39 GMT-0200 (Hora oficial do Brasil),0,-51.4699141,-25.364906,false
TESTE001,Wed Dec 14 2018 18:10:42 GMT-0200 (Hora oficial do Brasil),0,-51.4699125,-25.364866,false
TESTE001,Wed Dec 14 2018 18:40:45 GMT-0200 (Hora oficial do Brasil),0,-51.4699175,-25.3648846,false
TESTE001,Wed Dec 14 2018 19:10:48 GMT-0200 (Hora oficial do Brasil),0,-51.469964,-25.3648981,false
TESTE001,Wed Dec 14 2018 19:40:52 GMT-0200 (Hora oficial do Brasil),0,-51.4699383,-25.3648968,false
TESTE001,Wed Dec 14 2018 20:10:55 GMT-0200 (Hora oficial do Brasil),0,-51.4699185,-25.364897,false
TESTE001,Wed Dec 14 2018 20:40:58 GMT-0200 (Hora oficial do Brasil),0,-51.4699011,-25.3649108,false
TESTE001,Wed Dec 14 2018 21:11:01 GMT-0200 (Hora oficial do Brasil),0,-51.4699095,-25.3648665,false
TESTE001,Wed Dec 14 2018 21:41:03 GMT-0200 (Hora oficial do Brasil),0,-51.4699086,-25.364885,false
TESTE001,Wed Dec 14 2018 22:11:05 GMT-0200 (Hora oficial do Brasil),0,-51.4699373,-25.3648901,false
TESTE001,Wed Dec 14 2018 22:41:08 GMT-0200 (Hora oficial do Brasil),0,-51.4699368,-25.364944,false
TESTE001,Wed Dec 14 2018 23:11:11 GMT-0200 (Hora oficial do Brasil),0,-51.4699131,-25.364898,false
TESTE001,Wed Dec 14 2018 23:41:14 GMT-0200 (Hora oficial do Brasil),0,-51.4699123,-25.364933,false
TESTE001,Wed Dec 15 2018 00:11:17 GMT-0200 (Hora oficial do Brasil),0,-51.4699275,-25.3648945,false
TESTE001,Wed Dec 15 2018 00:41:19 GMT-0200 (Hora oficial do Brasil),0,-51.4699221,-25.3649153,false
TESTE001,Wed Dec 15 2018 01:11:21 GMT-0200 (Hora oficial do Brasil),0,-51.4699078,-25.3648998,false
TESTE001,Wed Dec 15 2018 01:41:25 GMT-0200 (Hora oficial do Brasil),0,-51.4698823,-25.3649035,false
TESTE001,Wed Dec 15 2018 02:11:28 GMT-0200 (Hora oficial do Brasil),0,-51.469921,-25.3649348,false
TESTE001,Wed Dec 15 2018 02:41:31 GMT-0200 (Hora oficial do Brasil),0,-51.4698623,-25.3649355,false
TESTE001,Wed Dec 15 2018 03:11:34 GMT-0200 (Hora oficial do Brasil),0,-51.4699476,-25.3648905,false
TESTE001,Wed Dec 15 2018 03:41:37 GMT-0200 (Hora oficial do Brasil),0,-51.4699245,-25.3649128,false
TESTE001,Wed Dec 15 2018 04:11:40 GMT-0200 (Hora oficial do Brasil),0,-51.4699488,-25.3649083,false
TESTE001,Wed Dec 15 2018 04:41:43 GMT-0200 (Hora oficial do Brasil),0,-51.4699216,-25.3648816,false
TESTE001,Wed Dec 15 2018 05:11:46 GMT-0200 (Hora oficial do Brasil),0,-51.4699156,-25.3648985,false
TESTE001,Wed Dec 15 2018 05:41:49 GMT-0200 (Hora oficial do Brasil),0,-51.4699086,-25.3649075,false
TESTE001,Wed Dec 15 2018 06:11:52 GMT-0200 (Hora oficial do Brasil),0,-51.4699068,-25.3649218,false
TESTE001,Wed Dec 15 2018 06:41:55 GMT-0200 (Hora oficial do Brasil),0,-51.4699133,-25.3649541,false
TESTE001,Wed Dec 15 2018 07:11:58 GMT-0200 (Hora oficial do Brasil),0,-51.4699466,-25.3648486,false
TESTE001,Wed Dec 15 2018 07:42:01 GMT-0200 (Hora oficial do Brasil),0,-51.4699045,-25.3648893,false
TESTE001,Wed Dec 15 2018 08:12:03 GMT-0200 (Hora oficial do Brasil),0,-51.4699436,-25.3648903,false
TESTE001,Wed Dec 15 2018 08:42:06 GMT-0200 (Hora oficial do Brasil),0,-51.4699268,-25.364951,false
TESTE001,Wed Dec 15 2018 09:12:09 GMT-0200 (Hora oficial do Brasil),0,-51.4699788,-25.3648386,false
TESTE001,Wed Dec 15 2018 09:42:12 GMT-0200 (Hora oficial do Brasil),0,-51.469924,-25.3648811,false
TESTE001,Wed Dec 15 2018 10:12:15 GMT-0200 (Hora oficial do Brasil),0,-51.469917,-25.3649161,false
TESTE001,Wed Dec 15 2018 10:42:18 GMT-0200 (Hora oficial do Brasil),0,-51.4699683,-25.3649031,false
TESTE001,Wed Dec 15 2018 11:12:21 GMT-0200 (Hora oficial do Brasil),0,-51.4699056,-25.3649048,false
TESTE001,Wed Dec 15 2018 11:42:24 GMT-0200 (Hora oficial do Brasil),0,-51.4699781,-25.3648631,false
TESTE001,Wed Dec 15 2018 12:12:27 GMT-0200 (Hora oficial do Brasil),0,-51.4699318,-25.3648923,false
TESTE001,Wed Dec 15 2018 12:42:31 GMT-0200 (Hora oficial do Brasil),0,-51.4698981,-25.3649015,false
TESTE001,Wed Dec 15 2018 13:12:34 GMT-0200 (Hora oficial do Brasil),0,-51.4699003,-25.364821,false
TESTE001,Wed Dec 15 2018 13:42:37 GMT-0200 (Hora oficial do Brasil),0,-51.4699771,-25.3649036,false
TESTE001,Wed Dec 15 2018 14:12:40 GMT-0200 (Hora oficial do Brasil),0,-51.4699465,-25.364872,false
TESTE001,Wed Dec 15 2018 14:42:43 GMT-0200 (Hora oficial do Brasil),0,-51.469987,-25.3648946,false
TESTE001,Wed Dec 15 2018 15:12:46 GMT-0200 (Hora oficial do Brasil),0,-51.4699375,-25.3649386,false
TESTE001,Wed Dec 15 2018 15:42:49 GMT-0200 (Hora oficial do Brasil),0,-51.4699568,-25.364813,false
TESTE001,Wed Dec 15 2018 16:12:52 GMT-0200 (Hora oficial do Brasil),0,-51.4698913,-25.3648948,false
TESTE001,Wed Dec 15 2018 16:42:55 GMT-0200 (Hora oficial do Brasil),0,-51.469922,-25.3648903,false
TESTE001,Wed Dec 15 2018 17:12:58 GMT-0200 (Hora oficial do Brasil),0,-51.4699361,-25.3648885,false
TESTE001,Wed Dec 15 2018 17:43:01 GMT-0200 (Hora oficial do Brasil),0,-51.4699158,-25.3649293,false
TESTE001,Wed Dec 15 2018 18:13:04 GMT-0200 (Hora oficial do Brasil),0,-51.4699205,-25.364879,false
TESTE001,Wed Dec 15 2018 18:43:06 GMT-0200 (Hora oficial do Brasil),0,-51.4699346,-25.3648801,false
TESTE001,Wed Dec 15 2018 19:13:09 GMT-0200 (Hora oficial do Brasil),0,-51.46988,-25.364877,false
TESTE001,Wed Dec 15 2018 19:43:12 GMT-0200 (Hora oficial do Brasil),0,-51.4699506,-25.3649065,false
TESTE001,Wed Dec 15 2018 20:13:15 GMT-0200 (Hora oficial do Brasil),0,-51.4699076,-25.3648578,false
TESTE001,Wed Dec 15 2018 20:43:18 GMT-0200 (Hora oficial do Brasil),0,-51.4699598,-25.364932,false
TESTE001,Wed Dec 15 2018 21:13:21 GMT-0200 (Hora oficial do Brasil),0,-51.4699346,-25.3649156,false
TESTE001,Wed Dec 15 2018 21:43:24 GMT-0200 (Hora oficial do Brasil),0,-51.4699061,-25.3648806,false
TESTE001,Wed Dec 15 2018 22:13:28 GMT-0200 (Hora oficial do Brasil),0,-51.4699166,-25.3649096,false
TESTE001,Wed Dec 15 2018 22:43:31 GMT-0200 (Hora oficial do Brasil),0,-51.4699185,-25.3648978,false
TESTE001,Wed Dec 15 2018 23:13:34 GMT-0200 (Hora oficial do Brasil),0,-51.4699151,-25.3649193,false
TESTE001,Wed Dec 15 2018 23:43:37 GMT-0200 (Hora oficial do Brasil),0,-51.4698755,-25.3648601,false
TESTE001,Wed Dec 16 2018 00:13:40 GMT-0200 (Hora oficial do Brasil),0,-51.4699206,-25.3648873,false
TESTE001,Wed Dec 16 2018 00:43:43 GMT-0200 (Hora oficial do Brasil),0,-51.469905,-25.3649091,false
TESTE001,Wed Dec 16 2018 01:13:46 GMT-0200 (Hora oficial do Brasil),0,-51.4699118,-25.364876,false
TESTE001,Wed Dec 16 2018 01:43:49 GMT-0200 (Hora oficial do Brasil),0,-51.4698788,-25.3648756,false
TESTE001,Wed Dec 16 2018 02:13:52 GMT-0200 (Hora oficial do Brasil),0,-51.4698986,-25.3648998,false
TESTE001,Wed Dec 16 2018 02:43:55 GMT-0200 (Hora oficial do Brasil),0,-51.4699766,-25.3648603,false
TESTE001,Wed Dec 16 2018 03:13:58 GMT-0200 (Hora oficial do Brasil),0,-51.4699233,-25.3649248,false
TESTE001,Wed Dec 16 2018 03:44:00 GMT-0200 (Hora oficial do Brasil),0,-51.4699571,-25.3649386,false
TESTE001,Wed Dec 16 2018 04:14:02 GMT-0200 (Hora oficial do Brasil),0,-51.4699351,-25.3649,false
TESTE001,Wed Dec 16 2018 04:44:05 GMT-0200 (Hora oficial do Brasil),0,-51.4699146,-25.3648815,false
TESTE001,Wed Dec 16 2018 05:14:08 GMT-0200 (Hora oficial do Brasil),0,-51.4699348,-25.3649381,false
TESTE001,Wed Dec 16 2018 05:44:11 GMT-0200 (Hora oficial do Brasil),0,-51.4698931,-25.3648833,false
TESTE001,Wed Dec 16 2018 06:14:14 GMT-0200 (Hora oficial do Brasil),0,-51.4699223,-25.3649295,false
TESTE001,Wed Dec 16 2018 06:44:17 GMT-0200 (Hora oficial do Brasil),0,-51.4699381,-25.3649481,false
TESTE001,Wed Dec 16 2018 07:14:20 GMT-0200 (Hora oficial do Brasil),0,-51.469931,-25.3649108,false
TESTE001,Wed Dec 16 2018 07:44:23 GMT-0200 (Hora oficial do Brasil),0,-51.4699288,-25.3648698,false
TESTE001,Wed Dec 16 2018 08:14:26 GMT-0200 (Hora oficial do Brasil),0,-51.4699386,-25.3648906,false
TESTE001,Wed Dec 16 2018 08:44:29 GMT-0200 (Hora oficial do Brasil),0,-51.4699436,-25.3649165,false
TESTE001,Wed Dec 16 2018 09:14:32 GMT-0200 (Hora oficial do Brasil),0,-51.4699326,-25.364883,false
TESTE001,Wed Dec 16 2018 09:44:35 GMT-0200 (Hora oficial do Brasil),0,-51.469932,-25.3648881,false
TESTE001,Wed Dec 16 2018 10:14:38 GMT-0200 (Hora oficial do Brasil),0,-51.4699075,-25.3649695,false
TESTE001,Wed Dec 16 2018 10:44:40 GMT-0200 (Hora oficial do Brasil),0,-51.469908,-25.3649213,false
TESTE001,Wed Dec 16 2018 11:14:43 GMT-0200 (Hora oficial do Brasil),0,-51.4699595,-25.364891,false
TESTE001,Wed Dec 16 2018 11:44:47 GMT-0200 (Hora oficial do Brasil),0,-51.4699606,-25.3648895,false
TESTE001,Wed Dec 16 2018 12:14:50 GMT-0200 (Hora oficial do Brasil),0,-51.469899,-25.3649125,false
TESTE001,Wed Dec 16 2018 12:44:53 GMT-0200 (Hora oficial do Brasil),0,-51.469894,-25.3649056,false
TESTE001,Wed Dec 16 2018 13:14:56 GMT-0200 (Hora oficial do Brasil),0,-51.4699513,-25.3648403,false
TESTE001,Wed Dec 16 2018 13:44:59 GMT-0200 (Hora oficial do Brasil),0,-51.4700025,-25.3649438,false
TESTE001,Wed Dec 16 2018 14:15:02 GMT-0200 (Hora oficial do Brasil),0,-51.4699766,-25.3649058,false
TESTE001,Wed Dec 16 2018 14:45:04 GMT-0200 (Hora oficial do Brasil),0,-51.469964,-25.3649553,false
TESTE001,Wed Dec 16 2018 15:15:07 GMT-0200 (Hora oficial do Brasil),0,-51.4699475,-25.3649568,false
TESTE001,Wed Dec 16 2018 15:45:10 GMT-0200 (Hora oficial do Brasil),0,-51.4699291,-25.3648606,false
TESTE001,Wed Dec 16 2018 16:15:13 GMT-0200 (Hora oficial do Brasil),0,-51.469886,-25.3648891,false
TESTE001,Wed Dec 16 2018 16:45:16 GMT-0200 (Hora oficial do Brasil),0,-51.4699146,-25.3648788,false
TESTE001,Wed Dec 16 2018 17:15:19 GMT-0200 (Hora oficial do Brasil),0,-51.4699336,-25.3649128,false
TESTE001,Wed Dec 16 2018 17:45:22 GMT-0200 (Hora oficial do Brasil),0,-51.469926,-25.3648955,false
TESTE001,Wed Dec 16 2018 18:15:25 GMT-0200 (Hora oficial do Brasil),0,-51.469895,-25.3648921,false
TESTE001,Wed Dec 16 2018 18:45:28 GMT-0200 (Hora oficial do Brasil),0,-51.469889,-25.3648691,false
TESTE001,Wed Dec 16 2018 19:15:31 GMT-0200 (Hora oficial do Brasil),0,-51.4698858,-25.3648745,false
TESTE001,Wed Dec 16 2018 19:45:34 GMT-0200 (Hora oficial do Brasil),0,-51.4698793,-25.3648978,false
TESTE001,Wed Dec 16 2018 20:15:37 GMT-0200 (Hora oficial do Brasil),0,-51.4698841,-25.3649161,false
TESTE001,Wed Dec 16 2018 20:45:40 GMT-0200 (Hora oficial do Brasil),0,-51.4699263,-25.3649268,false
TESTE001,Wed Dec 16 2018 21:15:43 GMT-0200 (Hora oficial do Brasil),0,-51.4699053,-25.3648945,false
TESTE001,Wed Dec 16 2018 21:45:47 GMT-0200 (Hora oficial do Brasil),0,-51.469924,-25.3649281,false
TESTE001,Wed Dec 16 2018 22:15:50 GMT-0200 (Hora oficial do Brasil),0,-51.4699486,-25.3648825,false
TESTE001,Wed Dec 16 2018 22:45:53 GMT-0200 (Hora oficial do Brasil),0,-51.4699186,-25.3648816,false
TESTE001,Wed Dec 16 2018 23:15:56 GMT-0200 (Hora oficial do Brasil),0,-51.469897,-25.3648896,false
TESTE001,Wed Dec 16 2018 23:45:59 GMT-0200 (Hora oficial do Brasil),0,-51.4699421,-25.3649156,false
TESTE001,Wed Dec 17 2018 00:16:02 GMT-0200 (Hora oficial do Brasil),0,-51.4698568,-25.3648865,false
TESTE001,Wed Dec 17 2018 00:46:05 GMT-0200 (Hora oficial do Brasil),0,-51.4699655,-25.3649278,false
TESTE001,Wed Dec 17 2018 01:16:09 GMT-0200 (Hora oficial do Brasil),0,-51.4698985,-25.3649065,false
TESTE001,Wed Dec 17 2018 01:46:12 GMT-0200 (Hora oficial do Brasil),0,-51.4699183,-25.3649061,false
TESTE001,Wed Dec 17 2018 02:16:15 GMT-0200 (Hora oficial do Brasil),0,-51.4699435,-25.3649056,false
TESTE001,Wed Dec 17 2018 02:46:18 GMT-0200 (Hora oficial do Brasil),0,-51.469991,-25.3648921,false
TESTE001,Wed Dec 17 2018 03:16:21 GMT-0200 (Hora oficial do Brasil),0,-51.4699726,-25.3649055,false
TESTE001,Wed Dec 17 2018 03:46:24 GMT-0200 (Hora oficial do Brasil),0,-51.4699301,-25.3649335,false
TESTE001,Wed Dec 17 2018 04:16:27 GMT-0200 (Hora oficial do Brasil),0,-51.4699451,-25.36491,false
TESTE001,Wed Dec 17 2018 04:46:30 GMT-0200 (Hora oficial do Brasil),0,-51.469929,-25.3648953,false
TESTE001,Wed Dec 17 2018 05:16:33 GMT-0200 (Hora oficial do Brasil),0,-51.4699111,-25.3649306,false
TESTE001,Wed Dec 17 2018 05:46:36 GMT-0200 (Hora oficial do Brasil),0,-51.4698893,-25.3649585,false
TESTE001,Wed Dec 17 2018 06:16:39 GMT-0200 (Hora oficial do Brasil),0,-51.4699165,-25.364895,false
TESTE001,Wed Dec 17 2018 06:46:42 GMT-0200 (Hora oficial do Brasil),0,-51.4699405,-25.3649046,false
TESTE001,Wed Dec 17 2018 07:16:45 GMT-0200 (Hora oficial do Brasil),0,-51.4699548,-25.364893,false
TESTE001,Wed Dec 17 2018 07:46:48 GMT-0200 (Hora oficial do Brasil),0,-51.4699315,-25.3649026,false
TESTE001,Wed Dec 17 2018 08:16:51 GMT-0200 (Hora oficial do Brasil),0,-51.4699446,-25.3649323,false
TESTE001,Wed Dec 17 2018 08:46:54 GMT-0200 (Hora oficial do Brasil),0,-51.469903,-25.3649036,false
TESTE001,Wed Dec 17 2018 09:16:57 GMT-0200 (Hora oficial do Brasil),0,-51.4699623,-25.36489,false
TESTE001,Wed Dec 17 2018 09:47:00 GMT-0200 (Hora oficial do Brasil),0,-51.4699518,-25.3648868,false
TESTE001,Wed Dec 17 2018 10:17:03 GMT-0200 (Hora oficial do Brasil),0,-51.4699298,-25.3648436,false
TESTE001,Wed Dec 17 2018 10:47:06 GMT-0200 (Hora oficial do Brasil),0,-51.4699405,-25.3648731,false
TESTE001,Wed Dec 17 2018 11:17:09 GMT-0200 (Hora oficial do Brasil),0,-51.4699536,-25.3649086,false
TESTE001,Wed Dec 17 2018 11:47:12 GMT-0200 (Hora oficial do Brasil),0,-51.4699931,-25.3648956,false
TESTE001,Wed Dec 17 2018 12:17:15 GMT-0200 (Hora oficial do Brasil),0,-51.4699885,-25.3649305,false
TESTE001,Wed Dec 17 2018 12:47:18 GMT-0200 (Hora oficial do Brasil),0,-51.4699363,-25.364893,false
TESTE001,Wed Dec 17 2018 13:17:21 GMT-0200 (Hora oficial do Brasil),0,-51.469966,-25.364876,false
TESTE001,Wed Dec 17 2018 13:47:23 GMT-0200 (Hora oficial do Brasil),0,-51.4699715,-25.3649228,false
TESTE001,Wed Dec 17 2018 14:17:26 GMT-0200 (Hora oficial do Brasil),0,-51.4699321,-25.3648786,false
TESTE001,Wed Dec 17 2018 14:47:29 GMT-0200 (Hora oficial do Brasil),0,-51.4699031,-25.3648971,false
TESTE001,Wed Dec 17 2018 15:17:32 GMT-0200 (Hora oficial do Brasil),0,-51.469951,-25.3649593,false
TESTE001,Wed Dec 17 2018 15:47:35 GMT-0200 (Hora oficial do Brasil),0,-51.4699395,-25.3649108,false
TESTE001,Wed Dec 17 2018 16:17:38 GMT-0200 (Hora oficial do Brasil),0,-51.4699098,-25.3649356,false
TESTE001,Wed Dec 17 2018 16:47:41 GMT-0200 (Hora oficial do Brasil),0,-51.469918,-25.3649003,false
TESTE001,Wed Dec 17 2018 17:17:44 GMT-0200 (Hora oficial do Brasil),0,-51.4699945,-25.3648931,false
TESTE001,Wed Dec 17 2018 17:47:47 GMT-0200 (Hora oficial do Brasil),0,-51.4698993,-25.3649131,false
TESTE001,Wed Dec 17 2018 18:17:50 GMT-0200 (Hora oficial do Brasil),0,-51.4699661,-25.3649161,false
TESTE001,Wed Dec 17 2018 18:47:53 GMT-0200 (Hora oficial do Brasil),0,-51.4699155,-25.3648905,false
TESTE001,Wed Dec 17 2018 19:17:56 GMT-0200 (Hora oficial do Brasil),0,-51.4698958,-25.3649005,false
TESTE001,Wed Dec 17 2018 19:47:59 GMT-0200 (Hora oficial do Brasil),0,-51.4699301,-25.3648816,false
TESTE001,Wed Dec 17 2018 20:18:02 GMT-0200 (Hora oficial do Brasil),0,-51.4699136,-25.3649481,false
TESTE001,Wed Dec 17 2018 20:48:05 GMT-0200 (Hora oficial do Brasil),0,-51.4699195,-25.3649131,false
TESTE001,Wed Dec 17 2018 21:18:08 GMT-0200 (Hora oficial do Brasil),0,-51.4699123,-25.3649283,false
TESTE001,Wed Dec 17 2018 21:48:11 GMT-0200 (Hora oficial do Brasil),0,-51.4699305,-25.3648598,false
TESTE001,Wed Dec 17 2018 22:18:14 GMT-0200 (Hora oficial do Brasil),0,-51.4700016,-25.3649216,false
TESTE001,Wed Dec 17 2018 22:48:17 GMT-0200 (Hora oficial do Brasil),0,-51.4698818,-25.364891,false
TESTE001,Wed Dec 17 2018 23:18:20 GMT-0200 (Hora oficial do Brasil),0,-51.4699095,-25.3649116,false
TESTE001,Wed Dec 17 2018 23:48:22 GMT-0200 (Hora oficial do Brasil),0,-51.4699455,-25.3648881,false
TESTE001,Wed Dec 18 2018 00:18:25 GMT-0200 (Hora oficial do Brasil),0,-51.4699345,-25.364912,false
TESTE001,Wed Dec 18 2018 00:48:28 GMT-0200 (Hora oficial do Brasil),0,-51.4699098,-25.3648855,false
TESTE001,Wed Dec 18 2018 01:18:31 GMT-0200 (Hora oficial do Brasil),0,-51.469923,-25.364907,false
TESTE001,Wed Dec 18 2018 01:48:34 GMT-0200 (Hora oficial do Brasil),0,-51.469953,-25.3649061,false
TESTE001,Wed Dec 18 2018 02:18:37 GMT-0200 (Hora oficial do Brasil),0,-51.4699186,-25.3649156,false
TESTE001,Wed Dec 18 2018 02:48:40 GMT-0200 (Hora oficial do Brasil),0,-51.4699301,-25.3649113,false
TESTE001,Wed Dec 18 2018 03:18:42 GMT-0200 (Hora oficial do Brasil),0,-51.4699676,-25.3648906,false
TESTE001,Wed Dec 18 2018 03:48:45 GMT-0200 (Hora oficial do Brasil),0,-51.4699126,-25.364941,false
TESTE001,Wed Dec 18 2018 04:18:48 GMT-0200 (Hora oficial do Brasil),0,-51.4699288,-25.3648653,false
TESTE001,Wed Dec 18 2018 04:48:51 GMT-0200 (Hora oficial do Brasil),0,-51.4698978,-25.364897,false
TESTE001,Wed Dec 18 2018 05:18:54 GMT-0200 (Hora oficial do Brasil),0,-51.469941,-25.3649435,false
TESTE001,Wed Dec 18 2018 05:48:56 GMT-0200 (Hora oficial do Brasil),0,-51.4698978,-25.3648306,false
TESTE001,Wed Dec 18 2018 06:18:58 GMT-0200 (Hora oficial do Brasil),0,-51.4699283,-25.3649058,false
TESTE001,Wed Dec 18 2018 06:49:01 GMT-0200 (Hora oficial do Brasil),0,-51.4699516,-25.364905,false
TESTE001,Wed Dec 18 2018 07:19:04 GMT-0200 (Hora oficial do Brasil),0,-51.4699538,-25.3648908,false
TESTE001,Wed Dec 18 2018 07:49:07 GMT-0200 (Hora oficial do Brasil),0,-51.4699423,-25.364896,false
TESTE001,Wed Dec 18 2018 08:19:10 GMT-0200 (Hora oficial do Brasil),0,-51.4699103,-25.3649563,false
TESTE001,Wed Dec 18 2018 08:40:52 GMT-0200 (Hora oficial do Brasil),0,-51.4699103,-25.3649563,true
TESTE001,Wed Dec 18 2018 08:42:33 GMT-0200 (Hora oficial do Brasil),8,-51.4697548,-25.3646696,true
TESTE001,Wed Dec 18 2018 08:42:53 GMT-0200 (Hora oficial do Brasil),8,-51.4700465,-25.3645471,true
TESTE001,Wed Dec 18 2018 08:44:52 GMT-0200 (Hora oficial do Brasil),0,-51.47016,-25.364511,true
TESTE001,Wed Dec 18 2018 08:46:52 GMT-0200 (Hora oficial do Brasil),0,-51.4701555,-25.3645373,true
TESTE001,Wed Dec 18 2018 08:48:52 GMT-0200 (Hora oficial do Brasil),0,-51.4701396,-25.364521,true
TESTE001,Wed Dec 18 2018 08:50:51 GMT-0200 (Hora oficial do Brasil),8,-51.4695883,-25.364678,true
TESTE001,Wed Dec 18 2018 08:52:08 GMT-0200 (Hora oficial do Brasil),0,-51.4692738,-25.364568,false
TESTE001,Wed Dec 18 2018 08:52:08 GMT-0200 (Hora oficial do Brasil),0,-51.4692738,-25.364568,false
TESTE001,Wed Dec 18 2018 08:52:12 GMT-0200 (Hora oficial do Brasil),0,-51.4692686,-25.3645641,true
TESTE001,Wed Dec 18 2018 08:52:21 GMT-0200 (Hora oficial do Brasil),0,-51.4692646,-25.3645615,false
TESTE001,Wed Dec 18 2018 08:52:24 GMT-0200 (Hora oficial do Brasil),0,-51.4692586,-25.3645588,true
TESTE001,Wed Dec 18 2018 08:52:30 GMT-0200 (Hora oficial do Brasil),0,-51.4692543,-25.3645563,false
TESTE001,Wed Dec 18 2018 09:24:32 GMT-0200 (Hora oficial do Brasil),0,-51.4692515,-25.364509,false
TESTE001,Wed Dec 18 2018 09:54:35 GMT-0200 (Hora oficial do Brasil),0,-51.4692343,-25.364561,false
TESTE001,Wed Dec 18 2018 10:24:39 GMT-0200 (Hora oficial do Brasil),0,-51.4692635,-25.364574,false
TESTE001,Wed Dec 18 2018 10:54:42 GMT-0200 (Hora oficial do Brasil),0,-51.4692933,-25.3645638,false
TESTE001,Wed Dec 18 2018 11:24:45 GMT-0200 (Hora oficial do Brasil),0,-51.4693043,-25.3645536,false
TESTE001,Wed Dec 18 2018 11:54:48 GMT-0200 (Hora oficial do Brasil),0,-51.4693071,-25.3646138,false
TESTE001,Wed Dec 18 2018 12:24:51 GMT-0200 (Hora oficial do Brasil),0,-51.4692231,-25.3644965,false
TESTE001,Wed Dec 18 2018 12:24:51 GMT-0200 (Hora oficial do Brasil),0,-51.4692231,-25.3644965,false
TESTE001,Wed Dec 18 2018 12:54:54 GMT-0200 (Hora oficial do Brasil),0,-51.4692546,-25.3645496,false
TESTE001,Wed Dec 18 2018 13:24:57 GMT-0200 (Hora oficial do Brasil),0,-51.4692523,-25.3645436,false
TESTE001,Wed Dec 18 2018 13:55:01 GMT-0200 (Hora oficial do Brasil),0,-51.4691975,-25.3644738,false
TESTE001,Wed Dec 18 2018 14:25:04 GMT-0200 (Hora oficial do Brasil),0,-51.4691595,-25.3645711,false
TESTE001,Wed Dec 18 2018 14:55:07 GMT-0200 (Hora oficial do Brasil),0,-51.4692075,-25.3646321,false
TESTE001,Wed Dec 18 2018 15:25:10 GMT-0200 (Hora oficial do Brasil),0,-51.4693136,-25.364689,false
TESTE001,Wed Dec 18 2018 15:55:13 GMT-0200 (Hora oficial do Brasil),0,-51.4692208,-25.3645965,false
TESTE001,Wed Dec 18 2018 16:25:16 GMT-0200 (Hora oficial do Brasil),0,-51.4693108,-25.364589,false
TESTE001,Wed Dec 18 2018 16:55:19 GMT-0200 (Hora oficial do Brasil),0,-51.4691491,-25.3645926,false
TESTE001,Wed Dec 18 2018 17:25:22 GMT-0200 (Hora oficial do Brasil),0,-51.469287,-25.364678,false
TESTE001,Wed Dec 18 2018 17:55:25 GMT-0200 (Hora oficial do Brasil),0,-51.4691933,-25.3646015,false
TESTE001,Wed Dec 18 2018 18:25:28 GMT-0200 (Hora oficial do Brasil),0,-51.4693331,-25.3646623,false
TESTE001,Wed Dec 18 2018 18:55:31 GMT-0200 (Hora oficial do Brasil),0,-51.4692145,-25.3645785,false
TESTE001,Wed Dec 18 2018 19:25:34 GMT-0200 (Hora oficial do Brasil),0,-51.4692435,-25.3645071,false
TESTE001,Wed Dec 18 2018 19:55:37 GMT-0200 (Hora oficial do Brasil),0,-51.469203,-25.3645176,false
TESTE001,Wed Dec 18 2018 20:25:40 GMT-0200 (Hora oficial do Brasil),0,-51.469219,-25.3645918,false
TESTE001,Wed Dec 18 2018 20:55:44 GMT-0200 (Hora oficial do Brasil),0,-51.4692475,-25.364569,false
TESTE001,Wed Dec 18 2018 21:25:48 GMT-0200 (Hora oficial do Brasil),0,-51.469226,-25.3645308,false
TESTE001,Wed Dec 18 2018 21:55:51 GMT-0200 (Hora oficial do Brasil),0,-51.4692081,-25.3646173,false
TESTE001,Wed Dec 18 2018 22:25:54 GMT-0200 (Hora oficial do Brasil),0,-51.4692188,-25.3644968,false
TESTE001,Wed Dec 18 2018 22:55:57 GMT-0200 (Hora oficial do Brasil),0,-51.469234,-25.3645571,false
TESTE001,Wed Dec 18 2018 23:26:00 GMT-0200 (Hora oficial do Brasil),0,-51.4693616,-25.364514,false
TESTE001,Wed Dec 18 2018 23:56:04 GMT-0200 (Hora oficial do Brasil),0,-51.469278,-25.3645451,false
TESTE001,Wed Dec 19 2018 00:26:07 GMT-0200 (Hora oficial do Brasil),0,-51.4692205,-25.3645891,false
TESTE001,Wed Dec 19 2018 00:56:11 GMT-0200 (Hora oficial do Brasil),0,-51.4693428,-25.364647,false
TESTE001,Wed Dec 19 2018 01:26:14 GMT-0200 (Hora oficial do Brasil),0,-51.4692645,-25.364563,false
TESTE001,Wed Dec 19 2018 01:56:17 GMT-0200 (Hora oficial do Brasil),0,-51.4692865,-25.3645648,false
TESTE001,Wed Dec 19 2018 02:26:20 GMT-0200 (Hora oficial do Brasil),0,-51.469296,-25.3645985,false
TESTE001,Wed Dec 19 2018 02:56:23 GMT-0200 (Hora oficial do Brasil),0,-51.4691698,-25.3646106,false
TESTE001,Wed Dec 19 2018 03:26:26 GMT-0200 (Hora oficial do Brasil),0,-51.4692671,-25.3645436,false
TESTE001,Wed Dec 19 2018 03:56:30 GMT-0200 (Hora oficial do Brasil),0,-51.4692735,-25.364547,false
TESTE001,Wed Dec 19 2018 04:26:34 GMT-0200 (Hora oficial do Brasil),0,-51.469314,-25.3646325,false
TESTE001,Wed Dec 19 2018 04:56:38 GMT-0200 (Hora oficial do Brasil),0,-51.4692765,-25.3645263,false
TESTE001,Wed Dec 19 2018 05:26:41 GMT-0200 (Hora oficial do Brasil),0,-51.4692498,-25.3646061,false
TESTE001,Wed Dec 19 2018 05:56:44 GMT-0200 (Hora oficial do Brasil),0,-51.4692806,-25.364538,false
TESTE001,Wed Dec 19 2018 06:26:46 GMT-0200 (Hora oficial do Brasil),0,-51.4692473,-25.364596,false
TESTE001,Wed Dec 19 2018 06:56:49 GMT-0200 (Hora oficial do Brasil),0,-51.4692625,-25.3646218,false
TESTE001,Wed Dec 19 2018 07:26:52 GMT-0200 (Hora oficial do Brasil),0,-51.4692876,-25.3645395,false
TESTE001,Wed Dec 19 2018 07:56:55 GMT-0200 (Hora oficial do Brasil),0,-51.4693193,-25.3645658,false
TESTE001,Wed Dec 19 2018 08:26:58 GMT-0200 (Hora oficial do Brasil),0,-51.4693088,-25.3645698,false
TESTE001,Wed Dec 19 2018 08:57:01 GMT-0200 (Hora oficial do Brasil),0,-51.4692385,-25.3645483,false
TESTE001,Wed Dec 19 2018 09:27:04 GMT-0200 (Hora oficial do Brasil),0,-51.4693108,-25.3645553,false
TESTE001,Wed Dec 19 2018 09:57:06 GMT-0200 (Hora oficial do Brasil),0,-51.4692501,-25.364542,false
TESTE001,Wed Dec 19 2018 10:27:10 GMT-0200 (Hora oficial do Brasil),0,-51.4692943,-25.3645935,false
TESTE001,Wed Dec 19 2018 10:57:13 GMT-0200 (Hora oficial do Brasil),0,-51.4692225,-25.3645185,false
TESTE001,Wed Dec 19 2018 11:27:16 GMT-0200 (Hora oficial do Brasil),0,-51.4692655,-25.3645558,false
TESTE001,Wed Dec 19 2018 11:57:19 GMT-0200 (Hora oficial do Brasil),0,-51.4692698,-25.3645876,false
TESTE001,Wed Dec 19 2018 12:27:21 GMT-0200 (Hora oficial do Brasil),0,-51.4691545,-25.3644616,false
TESTE001,Wed Dec 19 2018 12:57:24 GMT-0200 (Hora oficial do Brasil),0,-51.4693476,-25.3645655,false
TESTE001,Wed Dec 19 2018 13:27:28 GMT-0200 (Hora oficial do Brasil),0,-51.4692686,-25.3644403,false
TESTE001,Wed Dec 19 2018 13:57:31 GMT-0200 (Hora oficial do Brasil),0,-51.4692886,-25.3646006,false
TESTE001,Wed Dec 19 2018 14:27:34 GMT-0200 (Hora oficial do Brasil),0,-51.4691603,-25.3645231,false
TESTE001,Wed Dec 19 2018 14:34:03 GMT-0200 (Hora oficial do Brasil),0,-51.4691603,-25.3645231,true
TESTE001,Wed Dec 19 2018 14:36:05 GMT-0200 (Hora oficial do Brasil),0,-51.4692513,-25.3645791,true
TESTE001,Wed Dec 19 2018 14:38:05 GMT-0200 (Hora oficial do Brasil),1,-51.4695663,-25.3646935,true
TESTE001,Wed Dec 19 2018 14:38:16 GMT-0200 (Hora oficial do Brasil),10,-51.4695558,-25.3645923,true
TESTE001,Wed Dec 19 2018 14:38:32 GMT-0200 (Hora oficial do Brasil),8,-51.4698461,-25.3643336,true
TESTE001,Wed Dec 19 2018 14:38:52 GMT-0200 (Hora oficial do Brasil),10,-51.470034,-25.364183,true
TESTE001,Wed Dec 19 2018 14:40:25 GMT-0200 (Hora oficial do Brasil),13,-51.4745558,-25.3667395,true
TESTE001,Wed Dec 19 2018 14:41:01 GMT-0200 (Hora oficial do Brasil),28,-51.4762276,-25.3638456,true
TESTE001,Wed Dec 19 2018 14:41:17 GMT-0200 (Hora oficial do Brasil),18,-51.4754621,-25.3635521,true
TESTE001,Wed Dec 19 2018 14:41:33 GMT-0200 (Hora oficial do Brasil),38,-51.4760828,-25.3641715,true
TESTE001,Wed Dec 19 2018 14:43:33 GMT-0200 (Hora oficial do Brasil),52,-51.4958365,-25.3691061,true
TESTE001,Wed Dec 19 2018 14:45:33 GMT-0200 (Hora oficial do Brasil),78,-51.5127048,-25.3840631,true
TESTE001,Wed Dec 19 2018 14:46:56 GMT-0200 (Hora oficial do Brasil),17,-51.5213035,-25.3905271,true
TESTE001,Wed Dec 19 2018 14:47:12 GMT-0200 (Hora oficial do Brasil),30,-51.520826,-25.3913001,true
TESTE001,Wed Dec 19 2018 14:49:12 GMT-0200 (Hora oficial do Brasil),60,-51.5148296,-25.4017925,true
TESTE001,Wed Dec 19 2018 14:49:37 GMT-0200 (Hora oficial do Brasil),48,-51.5121733,-25.4045931,true
TESTE001,Wed Dec 19 2018 14:49:53 GMT-0200 (Hora oficial do Brasil),58,-51.5113693,-25.4064536,true
TESTE001,Wed Dec 19 2018 14:51:53 GMT-0200 (Hora oficial do Brasil),25,-51.4941445,-25.4120918,true
TESTE001,Wed Dec 19 2018 14:52:15 GMT-0200 (Hora oficial do Brasil),24,-51.4929733,-25.4124188,true
TESTE001,Wed Dec 19 2018 14:52:34 GMT-0200 (Hora oficial do Brasil),32,-51.4924238,-25.4131588,true
TESTE001,Wed Dec 19 2018 14:54:24 GMT-0200 (Hora oficial do Brasil),68,-51.4913945,-25.4258688,true
TESTE001,Wed Dec 19 2018 14:54:49 GMT-0200 (Hora oficial do Brasil),68,-51.4939758,-25.4294606,true
TESTE001,Wed Dec 19 2018 14:55:11 GMT-0200 (Hora oficial do Brasil),61,-51.4974841,-25.4312705,true
TESTE001,Wed Dec 19 2018 14:57:01 GMT-0200 (Hora oficial do Brasil),87,-51.5099678,-25.4480588,true
TESTE001,Wed Dec 19 2018 14:58:03 GMT-0200 (Hora oficial do Brasil),63,-51.5205781,-25.450966,true
TESTE001,Wed Dec 19 2018 14:58:30 GMT-0200 (Hora oficial do Brasil),63,-51.5219363,-25.4551423,true
TESTE001,Wed Dec 19 2018 14:59:05 GMT-0200 (Hora oficial do Brasil),62,-51.5204636,-25.4605236,true
TESTE001,Wed Dec 19 2018 14:59:11 GMT-0200 (Hora oficial do Brasil),57,-51.5212173,-25.4611558,true
TESTE001,Wed Dec 19 2018 15:00:09 GMT-0200 (Hora oficial do Brasil),83,-51.5291673,-25.4672626,true
TESTE001,Wed Dec 19 2018 15:02:08 GMT-0200 (Hora oficial do Brasil),79,-51.5388715,-25.4863806,true
TESTE001,Wed Dec 19 2018 15:02:56 GMT-0200 (Hora oficial do Brasil),45,-51.5402723,-25.4940978,true
TESTE001,Wed Dec 19 2018 15:03:16 GMT-0200 (Hora oficial do Brasil),45,-51.5416045,-25.495774,true
TESTE001,Wed Dec 19 2018 15:03:45 GMT-0200 (Hora oficial do Brasil),44,-51.5420685,-25.4990296,true
TESTE001,Wed Dec 19 2018 15:04:23 GMT-0200 (Hora oficial do Brasil),57,-51.545294,-25.5022671,true
TESTE001,Wed Dec 19 2018 15:06:23 GMT-0200 (Hora oficial do Brasil),69,-51.5489128,-25.5196665,true
TESTE001,Wed Dec 19 2018 15:07:19 GMT-0200 (Hora oficial do Brasil),10,-51.549662,-25.5244493,true
TESTE001,Wed Dec 19 2018 15:07:40 GMT-0200 (Hora oficial do Brasil),35,-51.548416,-25.5241891,true
TESTE001,Wed Dec 19 2018 15:09:40 GMT-0200 (Hora oficial do Brasil),63,-51.5362211,-25.5211943,true
TESTE001,Wed Dec 19 2018 15:10:14 GMT-0200 (Hora oficial do Brasil),80,-51.5297818,-25.5222375,true
TESTE001,Wed Dec 19 2018 15:11:32 GMT-0200 (Hora oficial do Brasil),81,-51.5130228,-25.5215898,true
TESTE001,Wed Dec 19 2018 15:12:03 GMT-0200 (Hora oficial do Brasil),72,-51.5067433,-25.5242073,true
TESTE001,Wed Dec 19 2018 15:14:03 GMT-0200 (Hora oficial do Brasil),23,-51.5027176,-25.5358336,true
TESTE001,Wed Dec 19 2018 15:16:03 GMT-0200 (Hora oficial do Brasil),72,-51.4940308,-25.5519025,true
TESTE001,Wed Dec 19 2018 15:18:03 GMT-0200 (Hora oficial do Brasil),21,-51.4893013,-25.5626495,true
TESTE001,Wed Dec 19 2018 15:20:03 GMT-0200 (Hora oficial do Brasil),27,-51.4863113,-25.5692298,true
TESTE001,Wed Dec 19 2018 15:20:31 GMT-0200 (Hora oficial do Brasil),13,-51.4854481,-25.5709993,true
TESTE001,Wed Dec 19 2018 15:20:47 GMT-0200 (Hora oficial do Brasil),27,-51.4846046,-25.5707196,true
TESTE001,Wed Dec 19 2018 15:22:01 GMT-0200 (Hora oficial do Brasil),28,-51.4785931,-25.5685711,true
TESTE001,Wed Dec 19 2018 15:22:20 GMT-0200 (Hora oficial do Brasil),28,-51.4775123,-25.5692473,true
TESTE001,Wed Dec 19 2018 15:22:49 GMT-0200 (Hora oficial do Brasil),16,-51.4755801,-25.5684186,true
TESTE001,Wed Dec 19 2018 15:23:05 GMT-0200 (Hora oficial do Brasil),22,-51.4753331,-25.5677438,true
TESTE001,Wed Dec 19 2018 15:23:21 GMT-0200 (Hora oficial do Brasil),12,-51.4761088,-25.5677063,true
TESTE001,Wed Dec 19 2018 15:23:37 GMT-0200 (Hora oficial do Brasil),11,-51.4764413,-25.567762,true
TESTE001,Wed Dec 19 2018 15:25:00 GMT-0200 (Hora oficial do Brasil),0,-51.4766121,-25.5676555,false
TESTE001,Wed Dec 19 2018 15:25:00 GMT-0200 (Hora oficial do Brasil),0,-51.4766121,-25.5676555,false
TESTE001,Wed Dec 19 2018 15:44:42 GMT-0200 (Hora oficial do Brasil),0,-51.4766121,-25.5676555,true
TESTE001,Wed Dec 19 2018 15:46:43 GMT-0200 (Hora oficial do Brasil),4,-51.4759906,-25.5676555,true
TESTE001,Wed Dec 19 2018 15:48:01 GMT-0200 (Hora oficial do Brasil),7,-51.475332,-25.5675498,true
TESTE001,Wed Dec 19 2018 15:48:24 GMT-0200 (Hora oficial do Brasil),20,-51.4747,-25.5676336,true
TESTE001,Wed Dec 19 2018 15:48:40 GMT-0200 (Hora oficial do Brasil),22,-51.4747641,-25.5682101,true
TESTE001,Wed Dec 19 2018 15:49:07 GMT-0200 (Hora oficial do Brasil),17,-51.4770176,-25.5689623,true
TESTE001,Wed Dec 19 2018 15:49:52 GMT-0200 (Hora oficial do Brasil),9,-51.4771975,-25.5686348,true
TESTE001,Wed Dec 19 2018 15:50:08 GMT-0200 (Hora oficial do Brasil),14,-51.4773943,-25.56797,true
TESTE001,Wed Dec 19 2018 15:52:07 GMT-0200 (Hora oficial do Brasil),0,-51.4776901,-25.567986,true
TESTE001,Wed Dec 19 2018 15:53:58 GMT-0200 (Hora oficial do Brasil),0,-51.4777033,-25.5679951,false
TESTE001,Wed Dec 19 2018 15:53:58 GMT-0200 (Hora oficial do Brasil),0,-51.4777033,-25.5679951,false
TESTE001,Wed Dec 19 2018 15:55:47 GMT-0200 (Hora oficial do Brasil),0,-51.4777106,-25.5680061,true
TESTE001,Wed Dec 19 2018 15:56:24 GMT-0200 (Hora oficial do Brasil),8,-51.4777228,-25.5680481,true
TESTE001,Wed Dec 19 2018 15:56:43 GMT-0200 (Hora oficial do Brasil),0,-51.477857,-25.5681155,false
TESTE001,Wed Dec 19 2018 15:56:43 GMT-0200 (Hora oficial do Brasil),0,-51.477857,-25.5681155,false
TESTE001,Wed Dec 19 2018 15:57:25 GMT-0200 (Hora oficial do Brasil),0,-51.4778718,-25.5681026,true
TESTE001,Wed Dec 19 2018 15:58:42 GMT-0200 (Hora oficial do Brasil),0,-51.4780751,-25.5681891,false
TESTE001,Wed Dec 19 2018 16:01:08 GMT-0200 (Hora oficial do Brasil),0,-51.4780883,-25.5681801,true
TESTE001,Wed Dec 19 2018 16:01:24 GMT-0200 (Hora oficial do Brasil),7,-51.4781558,-25.5682108,true
TESTE001,Wed Dec 19 2018 16:01:44 GMT-0200 (Hora oficial do Brasil),0,-51.4781825,-25.568416,false
TESTE001,Wed Dec 19 2018 16:01:44 GMT-0200 (Hora oficial do Brasil),0,-51.4781825,-25.568416,false
TESTE001,Wed Dec 19 2018 16:01:49 GMT-0200 (Hora oficial do Brasil),0,-51.4781746,-25.5684186,true
TESTE001,Wed Dec 19 2018 16:01:59 GMT-0200 (Hora oficial do Brasil),0,-51.47817,-25.5684186,false
TESTE001,Wed Dec 19 2018 16:02:54 GMT-0200 (Hora oficial do Brasil),0,-51.4781515,-25.5684208,true
TESTE001,Wed Dec 19 2018 16:03:05 GMT-0200 (Hora oficial do Brasil),7,-51.4781373,-25.5684846,true
TESTE001,Wed Dec 19 2018 16:03:18 GMT-0200 (Hora oficial do Brasil),0,-51.478083,-25.5685995,false
TESTE001,Wed Dec 19 2018 16:03:18 GMT-0200 (Hora oficial do Brasil),0,-51.478083,-25.5685995,false
TESTE001,Wed Dec 19 2018 16:04:29 GMT-0200 (Hora oficial do Brasil),0,-51.4781021,-25.5686336,true
TESTE001,Wed Dec 19 2018 16:04:56 GMT-0200 (Hora oficial do Brasil),6,-51.4780556,-25.5687198,true
TESTE001,Wed Dec 19 2018 16:05:52 GMT-0200 (Hora oficial do Brasil),0,-51.477849,-25.5688581,false
TESTE001,Wed Dec 19 2018 16:05:52 GMT-0200 (Hora oficial do Brasil),0,-51.477849,-25.5688581,false
TESTE001,Wed Dec 19 2018 16:07:51 GMT-0200 (Hora oficial do Brasil),0,-51.4778805,-25.5688431,true
TESTE001,Wed Dec 19 2018 16:08:06 GMT-0200 (Hora oficial do Brasil),6,-51.4778143,-25.5688493,true
TESTE001,Wed Dec 19 2018 16:08:22 GMT-0200 (Hora oficial do Brasil),0,-51.4776555,-25.5688033,false
TESTE001,Wed Dec 19 2018 16:08:22 GMT-0200 (Hora oficial do Brasil),0,-51.4776555,-25.5688033,false
TESTE001,Wed Dec 19 2018 16:10:54 GMT-0200 (Hora oficial do Brasil),0,-51.477601,-25.5687926,true
TESTE001,Wed Dec 19 2018 16:11:30 GMT-0200 (Hora oficial do Brasil),7,-51.4775101,-25.5687491,true
TESTE001,Wed Dec 19 2018 16:12:35 GMT-0200 (Hora oficial do Brasil),11,-51.4773261,-25.5686073,true
TESTE001,Wed Dec 19 2018 16:13:16 GMT-0200 (Hora oficial do Brasil),0,-51.4775075,-25.5682383,false
TESTE001,Wed Dec 19 2018 16:13:16 GMT-0200 (Hora oficial do Brasil),0,-51.4775075,-25.5682383,false
TESTE001,Wed Dec 19 2018 16:17:47 GMT-0200 (Hora oficial do Brasil),0,-51.4775426,-25.5682013,true
TESTE001,Wed Dec 19 2018 16:18:15 GMT-0200 (Hora oficial do Brasil),8,-51.4776513,-25.5680215,true
TESTE001,Wed Dec 19 2018 16:18:33 GMT-0200 (Hora oficial do Brasil),19,-51.4784318,-25.5681638,true
TESTE001,Wed Dec 19 2018 16:19:38 GMT-0200 (Hora oficial do Brasil),12,-51.4809938,-25.5691066,true
TESTE001,Wed Dec 19 2018 16:19:54 GMT-0200 (Hora oficial do Brasil),18,-51.4812213,-25.568562,true
TESTE001,Wed Dec 19 2018 16:20:24 GMT-0200 (Hora oficial do Brasil),10,-51.481579,-25.567559,true
TESTE001,Wed Dec 19 2018 16:20:40 GMT-0200 (Hora oficial do Brasil),11,-51.4811375,-25.5673021,true
TESTE001,Wed Dec 19 2018 16:20:56 GMT-0200 (Hora oficial do Brasil),9,-51.4807311,-25.5674803,true
TESTE001,Wed Dec 19 2018 16:21:20 GMT-0200 (Hora oficial do Brasil),0,-51.4806913,-25.5676051,false
TESTE001,Wed Dec 19 2018 16:21:20 GMT-0200 (Hora oficial do Brasil),0,-51.4806913,-25.5676051,false
TESTE001,Wed Dec 19 2018 16:27:29 GMT-0200 (Hora oficial do Brasil),0,-51.4806913,-25.5676051,true
TESTE001,Wed Dec 19 2018 16:27:46 GMT-0200 (Hora oficial do Brasil),9,-51.4803218,-25.5676855,true
TESTE001,Wed Dec 19 2018 16:29:49 GMT-0200 (Hora oficial do Brasil),0,-51.4806178,-25.567765,true
TESTE001,Wed Dec 19 2018 16:31:49 GMT-0200 (Hora oficial do Brasil),1,-51.480719,-25.5677771,true
TESTE001,Wed Dec 19 2018 16:33:49 GMT-0200 (Hora oficial do Brasil),0,-51.4807338,-25.5676768,true
TESTE001,Wed Dec 19 2018 16:34:35 GMT-0200 (Hora oficial do Brasil),0,-51.4807053,-25.5677018,false
TESTE001,Wed Dec 19 2018 16:34:35 GMT-0200 (Hora oficial do Brasil),0,-51.4807053,-25.5677018,false
TESTE001,Wed Dec 19 2018 17:06:38 GMT-0200 (Hora oficial do Brasil),0,-51.4809586,-25.5675645,false
TESTE001,Wed Dec 19 2018 17:21:49 GMT-0200 (Hora oficial do Brasil),0,-51.480528,-25.5678073,true
TESTE001,Wed Dec 19 2018 17:23:03 GMT-0200 (Hora oficial do Brasil),7,-51.4808068,-25.5676528,true
TESTE001,Wed Dec 19 2018 17:25:03 GMT-0200 (Hora oficial do Brasil),0,-51.4805765,-25.5677846,true
TESTE001,Wed Dec 19 2018 17:27:03 GMT-0200 (Hora oficial do Brasil),0,-51.4806518,-25.5678743,true
TESTE001,Wed Dec 19 2018 17:29:03 GMT-0200 (Hora oficial do Brasil),0,-51.4806335,-25.5678723,true
TESTE001,Wed Dec 19 2018 17:31:03 GMT-0200 (Hora oficial do Brasil),0,-51.4806411,-25.5678813,true
TESTE001,Wed Dec 19 2018 17:31:54 GMT-0200 (Hora oficial do Brasil),0,-51.4806276,-25.5678623,false
TESTE001,Wed Dec 19 2018 17:31:54 GMT-0200 (Hora oficial do Brasil),0,-51.4806276,-25.5678623,false
TESTE001,Wed Dec 19 2018 17:55:43 GMT-0200 (Hora oficial do Brasil),0,-51.4806276,-25.5678623,true
TESTE001,Wed Dec 19 2018 17:56:15 GMT-0200 (Hora oficial do Brasil),7,-51.4803631,-25.5677041,true
TESTE001,Wed Dec 19 2018 17:56:35 GMT-0200 (Hora oficial do Brasil),11,-51.4809026,-25.5673286,true
TESTE001,Wed Dec 19 2018 17:56:55 GMT-0200 (Hora oficial do Brasil),9,-51.4813431,-25.5674815,true
TESTE001,Wed Dec 19 2018 17:57:11 GMT-0200 (Hora oficial do Brasil),7,-51.481615,-25.567806,true
TESTE001,Wed Dec 19 2018 17:58:15 GMT-0200 (Hora oficial do Brasil),8,-51.4807655,-25.5690755,true
TESTE001,Wed Dec 19 2018 17:59:46 GMT-0200 (Hora oficial do Brasil),9,-51.4781716,-25.5682093,true
TESTE001,Wed Dec 19 2018 18:00:09 GMT-0200 (Hora oficial do Brasil),9,-51.4777745,-25.5688666,true
TESTE001,Wed Dec 19 2018 18:02:09 GMT-0200 (Hora oficial do Brasil),0,-51.4774725,-25.568771,true
TESTE001,Wed Dec 19 2018 18:04:09 GMT-0200 (Hora oficial do Brasil),3,-51.4774045,-25.5684218,true
TESTE001,Wed Dec 19 2018 18:04:34 GMT-0200 (Hora oficial do Brasil),0,-51.4774591,-25.5682671,false
TESTE001,Wed Dec 19 2018 18:04:34 GMT-0200 (Hora oficial do Brasil),0,-51.4774591,-25.5682671,false
TESTE001,Wed Dec 19 2018 18:08:58 GMT-0200 (Hora oficial do Brasil),0,-51.4775118,-25.5681875,true
TESTE001,Wed Dec 19 2018 18:09:29 GMT-0200 (Hora oficial do Brasil),7,-51.4776418,-25.5680158,true
TESTE001,Wed Dec 19 2018 18:11:29 GMT-0200 (Hora oficial do Brasil),0,-51.477249,-25.568819,true
TESTE001,Wed Dec 19 2018 18:12:09 GMT-0200 (Hora oficial do Brasil),9,-51.477199,-25.5690671,true
TESTE001,Wed Dec 19 2018 18:12:24 GMT-0200 (Hora oficial do Brasil),17,-51.477618,-25.569246,true
TESTE001,Wed Dec 19 2018 18:12:40 GMT-0200 (Hora oficial do Brasil),18,-51.4782088,-25.5688848,true
TESTE001,Wed Dec 19 2018 18:12:56 GMT-0200 (Hora oficial do Brasil),22,-51.478843,-25.5684648,true
TESTE001,Wed Dec 19 2018 18:14:56 GMT-0200 (Hora oficial do Brasil),7,-51.4854088,-25.5708575,true
TESTE001,Wed Dec 19 2018 18:16:56 GMT-0200 (Hora oficial do Brasil),16,-51.4879433,-25.5654013,true
TESTE001,Wed Dec 19 2018 18:18:56 GMT-0200 (Hora oficial do Brasil),12,-51.4906531,-25.5594146,true
TESTE001,Wed Dec 19 2018 18:20:56 GMT-0200 (Hora oficial do Brasil),63,-51.496667,-25.5462158,true
TESTE001,Wed Dec 19 2018 18:22:56 GMT-0200 (Hora oficial do Brasil),34,-51.5026826,-25.5351665,true
TESTE001,Wed Dec 19 2018 18:24:52 GMT-0200 (Hora oficial do Brasil),64,-51.5069115,-25.523934,true
TESTE001,Wed Dec 19 2018 18:25:30 GMT-0200 (Hora oficial do Brasil),70,-51.5134983,-25.5214336,true
TESTE001,Wed Dec 19 2018 18:27:30 GMT-0200 (Hora oficial do Brasil),57,-51.5350178,-25.5215488,true
TESTE001,Wed Dec 19 2018 18:27:46 GMT-0200 (Hora oficial do Brasil),42,-51.537283,-25.5210291,true
TESTE001,Wed Dec 19 2018 18:29:46 GMT-0200 (Hora oficial do Brasil),51,-51.5466843,-25.5236483,true
TESTE001,Wed Dec 19 2018 18:30:15 GMT-0200 (Hora oficial do Brasil),16,-51.549314,-25.5241778,true
TESTE001,Wed Dec 19 2018 18:30:31 GMT-0200 (Hora oficial do Brasil),21,-51.5494668,-25.5237325,true
TESTE001,Wed Dec 19 2018 18:32:31 GMT-0200 (Hora oficial do Brasil),60,-51.5453803,-25.5065355,true
TESTE001,Wed Dec 19 2018 18:33:12 GMT-0200 (Hora oficial do Brasil),54,-51.544544,-25.5007991,true
TESTE001,Wed Dec 19 2018 18:33:46 GMT-0200 (Hora oficial do Brasil),59,-51.5414701,-25.497848,true
TESTE001,Wed Dec 19 2018 18:34:07 GMT-0200 (Hora oficial do Brasil),57,-51.541156,-25.495011,true
TESTE001,Wed Dec 19 2018 18:34:34 GMT-0200 (Hora oficial do Brasil),74,-51.539238,-25.4909625,true
TESTE001,Wed Dec 19 2018 18:35:46 GMT-0200 (Hora oficial do Brasil),79,-51.5368275,-25.4779533,true
TESTE001,Wed Dec 19 2018 18:37:45 GMT-0200 (Hora oficial do Brasil),19,-51.5305275,-25.471808,true
TESTE001,Wed Dec 19 2018 18:39:45 GMT-0200 (Hora oficial do Brasil),39,-51.5257021,-25.4635478,true
TESTE001,Wed Dec 19 2018 18:40:14 GMT-0200 (Hora oficial do Brasil),45,-51.5230706,-25.4616466,true
TESTE001,Wed Dec 19 2018 18:40:35 GMT-0200 (Hora oficial do Brasil),40,-51.5206018,-25.4608371,true
TESTE001,Wed Dec 19 2018 18:40:51 GMT-0200 (Hora oficial do Brasil),49,-51.5203591,-25.4591651,true
TESTE001,Wed Dec 19 2018 18:42:06 GMT-0200 (Hora oficial do Brasil),45,-51.5201858,-25.4502998,true
TESTE001,Wed Dec 19 2018 18:42:22 GMT-0200 (Hora oficial do Brasil),49,-51.518563,-25.4494175,true
TESTE001,Wed Dec 19 2018 18:44:22 GMT-0200 (Hora oficial do Brasil),26,-51.5016496,-25.4423721,true
TESTE001,Wed Dec 19 2018 18:45:33 GMT-0200 (Hora oficial do Brasil),47,-51.4981803,-25.438104,true
TESTE001,Wed Dec 19 2018 18:46:43 GMT-0200 (Hora oficial do Brasil),23,-51.4971315,-25.4330495,true
TESTE001,Wed Dec 19 2018 18:47:16 GMT-0200 (Hora oficial do Brasil),19,-51.4974663,-25.4314768,true
TESTE001,Wed Dec 19 2018 18:47:37 GMT-0200 (Hora oficial do Brasil),21,-51.4969476,-25.4306556,true
TESTE001,Wed Dec 19 2018 18:49:37 GMT-0200 (Hora oficial do Brasil),51,-51.4912678,-25.4257098,true
TESTE001,Wed Dec 19 2018 18:49:53 GMT-0200 (Hora oficial do Brasil),54,-51.4914015,-25.42363,true
TESTE001,Wed Dec 19 2018 18:51:53 GMT-0200 (Hora oficial do Brasil),18,-51.4923073,-25.4134416,true
TESTE001,Wed Dec 19 2018 18:52:10 GMT-0200 (Hora oficial do Brasil),15,-51.492685,-25.4125715,true
TESTE001,Wed Dec 19 2018 18:52:33 GMT-0200 (Hora oficial do Brasil),24,-51.4935445,-25.4121048,true
TESTE001,Wed Dec 19 2018 18:54:33 GMT-0200 (Hora oficial do Brasil),76,-51.5077296,-25.4073083,true
TESTE001,Wed Dec 19 2018 18:54:59 GMT-0200 (Hora oficial do Brasil),42,-51.5118628,-25.4059965,true
TESTE001,Wed Dec 19 2018 18:56:58 GMT-0200 (Hora oficial do Brasil),26,-51.5185726,-25.397089,true
TESTE001,Wed Dec 19 2018 18:58:47 GMT-0200 (Hora oficial do Brasil),27,-51.5207598,-25.3908815,true
TESTE001,Wed Dec 19 2018 18:59:03 GMT-0200 (Hora oficial do Brasil),24,-51.519937,-25.3903111,true
TESTE001,Wed Dec 19 2018 19:01:03 GMT-0200 (Hora oficial do Brasil),60,-51.5095586,-25.3811813,true
TESTE001,Wed Dec 19 2018 19:03:03 GMT-0200 (Hora oficial do Brasil),47,-51.4949105,-25.3684638,true
TESTE001,Wed Dec 19 2018 19:03:39 GMT-0200 (Hora oficial do Brasil),66,-51.4902335,-25.3659731,true
TESTE001,Wed Dec 19 2018 19:05:39 GMT-0200 (Hora oficial do Brasil),30,-51.475806,-25.3652931,true
TESTE001,Wed Dec 19 2018 19:05:58 GMT-0200 (Hora oficial do Brasil),25,-51.4749451,-25.3663401,true
TESTE001,Wed Dec 19 2018 19:06:16 GMT-0200 (Hora oficial do Brasil),9,-51.4746535,-25.3669775,true
TESTE001,Wed Dec 19 2018 19:06:32 GMT-0200 (Hora oficial do Brasil),12,-51.4743976,-25.3667651,true
TESTE001,Wed Dec 19 2018 19:07:53 GMT-0200 (Hora oficial do Brasil),14,-51.4701345,-25.3642733,true
TESTE001,Wed Dec 19 2018 19:08:09 GMT-0200 (Hora oficial do Brasil),10,-51.4697416,-25.3643933,true
TESTE001,Wed Dec 19 2018 19:08:25 GMT-0200 (Hora oficial do Brasil),7,-51.4696378,-25.3646823,true
TESTE001,Wed Dec 19 2018 19:10:25 GMT-0200 (Hora oficial do Brasil),0,-51.469803,-25.3643763,true
TESTE001,Wed Dec 19 2018 19:12:03 GMT-0200 (Hora oficial do Brasil),0,-51.4698293,-25.3643501,false
TESTE001,Wed Dec 19 2018 19:12:03 GMT-0200 (Hora oficial do Brasil),0,-51.4698293,-25.3643501,false
TESTE001,Wed Dec 19 2018 19:12:17 GMT-0200 (Hora oficial do Brasil),0,-51.4698333,-25.364352,true
TESTE001,Wed Dec 19 2018 19:12:34 GMT-0200 (Hora oficial do Brasil),0,-51.4698435,-25.3643538,false
TESTE001,Wed Dec 19 2018 19:23:35 GMT-0200 (Hora oficial do Brasil),0,-51.4698435,-25.3643538,true
TESTE001,Wed Dec 19 2018 19:25:37 GMT-0200 (Hora oficial do Brasil),0,-51.4697983,-25.3643983,true
TESTE001,Wed Dec 19 2018 19:27:37 GMT-0200 (Hora oficial do Brasil),0,-51.4697961,-25.3643746,true
TESTE001,Wed Dec 19 2018 19:28:28 GMT-0200 (Hora oficial do Brasil),7,-51.4697041,-25.3644393,true
TESTE001,Wed Dec 19 2018 19:28:28 GMT-0200 (Hora oficial do Brasil),7,-51.4697041,-25.3644393,true
TESTE001,Wed Dec 19 2018 19:28:49 GMT-0200 (Hora oficial do Brasil),0,-51.4695476,-25.3643351,false
TESTE001,Wed Dec 19 2018 19:28:49 GMT-0200 (Hora oficial do Brasil),0,-51.4695476,-25.3643351,false
TESTE001,Wed Dec 19 2018 19:33:41 GMT-0200 (Hora oficial do Brasil),0,-51.4695258,-25.3643393,true
TESTE001,Wed Dec 19 2018 19:35:18 GMT-0200 (Hora oficial do Brasil),7,-51.4697618,-25.364576,true
TESTE001,Wed Dec 19 2018 19:37:18 GMT-0200 (Hora oficial do Brasil),0,-51.4702323,-25.3643956,true
TESTE001,Wed Dec 19 2018 19:39:18 GMT-0200 (Hora oficial do Brasil),0,-51.4702356,-25.3644391,true
TESTE001,Wed Dec 19 2018 19:39:18 GMT-0200 (Hora oficial do Brasil),0,-51.4702356,-25.3644391,true
TESTE001,Wed Dec 19 2018 19:41:18 GMT-0200 (Hora oficial do Brasil),0,-51.4702948,-25.3643915,true
TESTE001,Wed Dec 19 2018 19:43:18 GMT-0200 (Hora oficial do Brasil),0,-51.4702246,-25.3644098,true
TESTE001,Wed Dec 19 2018 19:44:13 GMT-0200 (Hora oficial do Brasil),8,-51.4699195,-25.3642701,true
TESTE001,Wed Dec 19 2018 19:44:33 GMT-0200 (Hora oficial do Brasil),11,-51.469876,-25.3640935,true
TESTE001,Wed Dec 19 2018 19:45:07 GMT-0200 (Hora oficial do Brasil),10,-51.4685485,-25.3632928,true
TESTE001,Wed Dec 19 2018 19:45:46 GMT-0200 (Hora oficial do Brasil),12,-51.4696351,-25.3614396,true
TESTE001,Wed Dec 19 2018 19:47:45 GMT-0200 (Hora oficial do Brasil),51,-51.4594553,-25.3532888,true
TESTE001,Wed Dec 19 2018 19:49:45 GMT-0200 (Hora oficial do Brasil),53,-51.4448763,-25.3455533,true
TESTE001,Wed Dec 19 2018 19:51:45 GMT-0200 (Hora oficial do Brasil),60,-51.4336158,-25.3418918,true
TESTE001,Wed Dec 19 2018 19:52:34 GMT-0200 (Hora oficial do Brasil),63,-51.4273201,-25.3391918,true
TESTE001,Wed Dec 19 2018 19:53:38 GMT-0200 (Hora oficial do Brasil),92,-51.4138278,-25.340884,true
TESTE001,Wed Dec 19 2018 19:54:27 GMT-0200 (Hora oficial do Brasil),37,-51.4064468,-25.3459946,true
TESTE001,Wed Dec 19 2018 19:56:26 GMT-0200 (Hora oficial do Brasil),46,-51.3974593,-25.3444783,true
TESTE001,Wed Dec 19 2018 19:56:56 GMT-0200 (Hora oficial do Brasil),65,-51.3927356,-25.3448098,true
TESTE001,Wed Dec 19 2018 19:57:11 GMT-0200 (Hora oficial do Brasil),68,-51.3916881,-25.3473308,true
TESTE001,Wed Dec 19 2018 19:57:27 GMT-0200 (Hora oficial do Brasil),67,-51.389496,-25.3485396,true
TESTE001,Wed Dec 19 2018 19:57:59 GMT-0200 (Hora oficial do Brasil),72,-51.3835295,-25.3461893,true
TESTE001,Wed Dec 19 2018 19:59:01 GMT-0200 (Hora oficial do Brasil),78,-51.3716765,-25.3533353,true
TESTE001,Wed Dec 19 2018 19:59:29 GMT-0200 (Hora oficial do Brasil),66,-51.365758,-25.3526138,true
TESTE001,Wed Dec 19 2018 20:01:08 GMT-0200 (Hora oficial do Brasil),37,-51.3500418,-25.362858,true
TESTE001,Wed Dec 19 2018 20:01:44 GMT-0200 (Hora oficial do Brasil),43,-51.3485936,-25.3656345,true
TESTE001,Wed Dec 19 2018 20:03:43 GMT-0200 (Hora oficial do Brasil),65,-51.3284235,-25.3692635,true
TESTE001,Wed Dec 19 2018 20:04:19 GMT-0200 (Hora oficial do Brasil),67,-51.3210396,-25.3714426,true
TESTE001,Wed Dec 19 2018 20:04:39 GMT-0200 (Hora oficial do Brasil),61,-51.318864,-25.3736481,true
TESTE001,Wed Dec 19 2018 20:06:38 GMT-0200 (Hora oficial do Brasil),24,-51.306635,-25.373283,true
TESTE001,Wed Dec 19 2018 20:08:38 GMT-0200 (Hora oficial do Brasil),63,-51.292927,-25.3768435,true
TESTE001,Wed Dec 19 2018 20:09:06 GMT-0200 (Hora oficial do Brasil),56,-51.2883885,-25.3773486,true
TESTE001,Wed Dec 19 2018 20:09:48 GMT-0200 (Hora oficial do Brasil),15,-51.2845353,-25.374888,true
TESTE001,Wed Dec 19 2018 20:10:35 GMT-0200 (Hora oficial do Brasil),65,-51.280393,-25.372158,true
TESTE001,Wed Dec 19 2018 20:12:34 GMT-0200 (Hora oficial do Brasil),45,-51.2629503,-25.371649,true
TESTE001,Wed Dec 19 2018 20:14:34 GMT-0200 (Hora oficial do Brasil),90,-51.2434303,-25.3622395,true
TESTE001,Wed Dec 19 2018 20:15:22 GMT-0200 (Hora oficial do Brasil),77,-51.2342735,-25.3558103,true
TESTE001,Wed Dec 19 2018 20:15:49 GMT-0200 (Hora oficial do Brasil),77,-51.2292156,-25.353976,true
TESTE001,Wed Dec 19 2018 20:17:25 GMT-0200 (Hora oficial do Brasil),76,-51.2158103,-25.3391521,true
TESTE001,Wed Dec 19 2018 20:19:24 GMT-0200 (Hora oficial do Brasil),50,-51.215249,-25.3195011,true
TESTE001,Wed Dec 19 2018 20:21:02 GMT-0200 (Hora oficial do Brasil),51,-51.211176,-25.307553,true
TESTE001,Wed Dec 19 2018 20:21:17 GMT-0200 (Hora oficial do Brasil),51,-51.2093833,-25.3082376,true
TESTE001,Wed Dec 19 2018 20:21:36 GMT-0200 (Hora oficial do Brasil),49,-51.2084025,-25.3104613,true
TESTE001,Wed Dec 19 2018 20:23:26 GMT-0200 (Hora oficial do Brasil),41,-51.195167,-25.3172453,true
TESTE001,Wed Dec 19 2018 20:24:01 GMT-0200 (Hora oficial do Brasil),47,-51.1956468,-25.3210066,true
TESTE001,Wed Dec 19 2018 20:24:24 GMT-0200 (Hora oficial do Brasil),46,-51.1967796,-25.3233861,true
TESTE001,Wed Dec 19 2018 20:24:40 GMT-0200 (Hora oficial do Brasil),41,-51.19523,-25.3241583,true
TESTE001,Wed Dec 19 2018 20:25:04 GMT-0200 (Hora oficial do Brasil),47,-51.1923928,-25.3237728,true
TESTE001,Wed Dec 19 2018 20:25:45 GMT-0200 (Hora oficial do Brasil),55,-51.1893748,-25.3190396,true
TESTE001,Wed Dec 19 2018 20:26:29 GMT-0200 (Hora oficial do Brasil),57,-51.1868915,-25.3129465,true
TESTE001,Wed Dec 19 2018 20:26:48 GMT-0200 (Hora oficial do Brasil),73,-51.1835681,-25.3121745,true
TESTE001,Wed Dec 19 2018 20:28:00 GMT-0200 (Hora oficial do Brasil),53,-51.171808,-25.3121695,true
TESTE001,Wed Dec 19 2018 20:29:59 GMT-0200 (Hora oficial do Brasil),78,-51.1547966,-25.3035255,true
TESTE001,Wed Dec 19 2018 20:31:34 GMT-0200 (Hora oficial do Brasil),103,-51.1328171,-25.2933896,true
TESTE001,Wed Dec 19 2018 20:31:40 GMT-0200 (Hora oficial do Brasil),97,-51.1313378,-25.2926886,true
TESTE001,Wed Dec 19 2018 20:31:56 GMT-0200 (Hora oficial do Brasil),65,-51.1281198,-25.2923021,true
TESTE001,Wed Dec 19 2018 20:33:16 GMT-0200 (Hora oficial do Brasil),60,-51.1173293,-25.2988008,true
TESTE001,Wed Dec 19 2018 20:33:38 GMT-0200 (Hora oficial do Brasil),61,-51.1149835,-25.3014023,true
TESTE001,Wed Dec 19 2018 20:34:02 GMT-0200 (Hora oficial do Brasil),65,-51.1112908,-25.3028493,true
TESTE001,Wed Dec 19 2018 20:34:43 GMT-0200 (Hora oficial do Brasil),81,-51.1077545,-25.3095135,true
TESTE001,Wed Dec 19 2018 20:35:57 GMT-0200 (Hora oficial do Brasil),38,-51.0924668,-25.3112503,true
TESTE001,Wed Dec 19 2018 20:36:27 GMT-0200 (Hora oficial do Brasil),67,-51.0901473,-25.3141801,true
TESTE001,Wed Dec 19 2018 20:36:43 GMT-0200 (Hora oficial do Brasil),85,-51.0869225,-25.3138023,true
TESTE001,Wed Dec 19 2018 20:38:43 GMT-0200 (Hora oficial do Brasil),84,-51.0601046,-25.3154041,true
TESTE001,Wed Dec 19 2018 20:40:02 GMT-0200 (Hora oficial do Brasil),56,-51.0425611,-25.3153321,true
TESTE001,Wed Dec 19 2018 20:41:00 GMT-0200 (Hora oficial do Brasil),82,-51.0359685,-25.3195911,true
TESTE001,Wed Dec 19 2018 20:42:59 GMT-0200 (Hora oficial do Brasil),73,-51.0111761,-25.3196513,true
TESTE001,Wed Dec 19 2018 20:44:05 GMT-0200 (Hora oficial do Brasil),76,-50.9967218,-25.3172255,true
TESTE001,Wed Dec 19 2018 20:45:28 GMT-0200 (Hora oficial do Brasil),75,-50.9826043,-25.3230626,true
TESTE001,Wed Dec 19 2018 20:46:42 GMT-0200 (Hora oficial do Brasil),72,-50.9699745,-25.3195571,true
TESTE001,Wed Dec 19 2018 20:47:54 GMT-0200 (Hora oficial do Brasil),85,-50.9566085,-25.3278921,true
TESTE001,Wed Dec 19 2018 20:49:51 GMT-0200 (Hora oficial do Brasil),56,-50.9403736,-25.3422278,true
TESTE001,Wed Dec 19 2018 20:51:50 GMT-0200 (Hora oficial do Brasil),62,-50.9194861,-25.3572725,true
TESTE001,Wed Dec 19 2018 20:53:50 GMT-0200 (Hora oficial do Brasil),63,-50.9050158,-25.36851,true
TESTE001,Wed Dec 19 2018 20:55:23 GMT-0200 (Hora oficial do Brasil),78,-50.885299,-25.3749448,true
TESTE001,Wed Dec 19 2018 20:56:26 GMT-0200 (Hora oficial do Brasil),76,-50.8709821,-25.375948,true
TESTE001,Wed Dec 19 2018 20:58:25 GMT-0200 (Hora oficial do Brasil),77,-50.8470976,-25.3845243,true
TESTE001,Wed Dec 19 2018 21:00:25 GMT-0200 (Hora oficial do Brasil),96,-50.8258683,-25.3886818,true
TESTE001,Wed Dec 19 2018 21:02:25 GMT-0200 (Hora oficial do Brasil),62,-50.8025636,-25.394992,true
TESTE001,Wed Dec 19 2018 21:02:48 GMT-0200 (Hora oficial do Brasil),72,-50.8001765,-25.3978773,true
TESTE001,Wed Dec 19 2018 21:03:25 GMT-0200 (Hora oficial do Brasil),50,-50.797116,-25.4037623,true
TESTE001,Wed Dec 19 2018 21:05:25 GMT-0200 (Hora oficial do Brasil),26,-50.7880858,-25.407361,true
TESTE001,Wed Dec 19 2018 21:05:47 GMT-0200 (Hora oficial do Brasil),38,-50.7863701,-25.4080408,true
TESTE001,Wed Dec 19 2018 21:06:39 GMT-0200 (Hora oficial do Brasil),79,-50.7761891,-25.409142,true
TESTE001,Wed Dec 19 2018 21:08:38 GMT-0200 (Hora oficial do Brasil),94,-50.7542478,-25.4221726,true
TESTE001,Wed Dec 19 2018 21:10:38 GMT-0200 (Hora oficial do Brasil),74,-50.7314701,-25.4311558,true
TESTE001,Wed Dec 19 2018 21:11:52 GMT-0200 (Hora oficial do Brasil),41,-50.7169816,-25.4354048,true
TESTE001,Wed Dec 19 2018 21:12:33 GMT-0200 (Hora oficial do Brasil),50,-50.71375,-25.4387571,true
TESTE001,Wed Dec 19 2018 21:13:26 GMT-0200 (Hora oficial do Brasil),77,-50.7051163,-25.442179,true
TESTE001,Wed Dec 19 2018 21:13:52 GMT-0200 (Hora oficial do Brasil),42,-50.70122,-25.4412118,true
TESTE001,Wed Dec 19 2018 21:14:44 GMT-0200 (Hora oficial do Brasil),68,-50.6948926,-25.441629,true
TESTE001,Wed Dec 19 2018 21:15:00 GMT-0200 (Hora oficial do Brasil),70,-50.6917925,-25.441123,true
TESTE001,Wed Dec 19 2018 21:17:00 GMT-0200 (Hora oficial do Brasil),78,-50.6741113,-25.4461491,true
TESTE001,Wed Dec 19 2018 21:19:00 GMT-0200 (Hora oficial do Brasil),59,-50.6488901,-25.453707,true
TESTE001,Wed Dec 19 2018 21:19:34 GMT-0200 (Hora oficial do Brasil),63,-50.643527,-25.4517093,true
TESTE001,Wed Dec 19 2018 21:20:07 GMT-0200 (Hora oficial do Brasil),52,-50.6394605,-25.448825,true
TESTE001,Wed Dec 19 2018 21:20:33 GMT-0200 (Hora oficial do Brasil),73,-50.6352278,-25.4506985,true
TESTE001,Wed Dec 19 2018 21:21:27 GMT-0200 (Hora oficial do Brasil),75,-50.6262911,-25.455759,true
TESTE001,Wed Dec 19 2018 21:22:30 GMT-0200 (Hora oficial do Brasil),53,-50.6136618,-25.4545456,true
TESTE001,Wed Dec 19 2018 21:24:29 GMT-0200 (Hora oficial do Brasil),54,-50.5970076,-25.4622401,true
TESTE001,Wed Dec 19 2018 21:26:29 GMT-0200 (Hora oficial do Brasil),97,-50.5782475,-25.464977,true
TESTE001,Wed Dec 19 2018 21:28:29 GMT-0200 (Hora oficial do Brasil),79,-50.5505016,-25.4633711,true
TESTE001,Wed Dec 19 2018 21:30:29 GMT-0200 (Hora oficial do Brasil),96,-50.5252843,-25.4662686,true
TESTE001,Wed Dec 19 2018 21:32:29 GMT-0200 (Hora oficial do Brasil),55,-50.507927,-25.467942,true
TESTE001,Wed Dec 19 2018 21:34:29 GMT-0200 (Hora oficial do Brasil),60,-50.4909196,-25.4728575,true
TESTE001,Wed Dec 19 2018 21:34:48 GMT-0200 (Hora oficial do Brasil),78,-50.4873475,-25.4723428,true
TESTE001,Wed Dec 19 2018 21:35:48 GMT-0200 (Hora oficial do Brasil),71,-50.4756933,-25.4684748,true
TESTE001,Wed Dec 19 2018 21:36:30 GMT-0200 (Hora oficial do Brasil),77,-50.467435,-25.4709543,true
TESTE001,Wed Dec 19 2018 21:36:53 GMT-0200 (Hora oficial do Brasil),75,-50.4634173,-25.4685801,true
TESTE001,Wed Dec 19 2018 21:38:26 GMT-0200 (Hora oficial do Brasil),78,-50.4535721,-25.4526611,true
TESTE001,Wed Dec 19 2018 21:38:41 GMT-0200 (Hora oficial do Brasil),78,-50.4502893,-25.4526966,true
TESTE001,Wed Dec 19 2018 21:40:41 GMT-0200 (Hora oficial do Brasil),66,-50.4268973,-25.4605755,true
TESTE001,Wed Dec 19 2018 21:42:41 GMT-0200 (Hora oficial do Brasil),31,-50.4103456,-25.467254,true
TESTE001,Wed Dec 19 2018 21:43:58 GMT-0200 (Hora oficial do Brasil),87,-50.3963471,-25.4687405,true
TESTE001,Wed Dec 19 2018 21:45:55 GMT-0200 (Hora oficial do Brasil),35,-50.3770671,-25.4639028,true
TESTE001,Wed Dec 19 2018 21:47:37 GMT-0200 (Hora oficial do Brasil),48,-50.367639,-25.466545,true
TESTE001,Wed Dec 19 2018 21:49:36 GMT-0200 (Hora oficial do Brasil),73,-50.3490163,-25.465173,true
TESTE001,Wed Dec 19 2018 21:50:43 GMT-0200 (Hora oficial do Brasil),73,-50.3387458,-25.4560696,true
TESTE001,Wed Dec 19 2018 21:50:58 GMT-0200 (Hora oficial do Brasil),60,-50.3365031,-25.457591,true
TESTE001,Wed Dec 19 2018 21:51:15 GMT-0200 (Hora oficial do Brasil),66,-50.3343346,-25.4591821,true
TESTE001,Wed Dec 19 2018 21:51:31 GMT-0200 (Hora oficial do Brasil),73,-50.3316728,-25.4605941,true
TESTE001,Wed Dec 19 2018 21:52:29 GMT-0200 (Hora oficial do Brasil),105,-50.3227148,-25.4703696,true
TESTE001,Wed Dec 19 2018 21:52:47 GMT-0200 (Hora oficial do Brasil),97,-50.3188621,-25.4734846,true
TESTE001,Wed Dec 19 2018 21:53:03 GMT-0200 (Hora oficial do Brasil),69,-50.3157521,-25.4752036,true
TESTE001,Wed Dec 19 2018 21:53:40 GMT-0200 (Hora oficial do Brasil),79,-50.3092933,-25.4730835,true
TESTE001,Wed Dec 19 2018 21:54:45 GMT-0200 (Hora oficial do Brasil),71,-50.2950588,-25.4675533,true
TESTE001,Wed Dec 19 2018 21:56:31 GMT-0200 (Hora oficial do Brasil),55,-50.2771763,-25.4709635,true
TESTE001,Wed Dec 19 2018 21:58:30 GMT-0200 (Hora oficial do Brasil),48,-50.2664348,-25.4649276,true
CAR0012,Wed Dec 12 2018 22:06:19 GMT-0200 (Hora oficial do Brasil),0,-51.4699225,-25.3648861,false
CAR0012,Wed Dec 12 2018 22:36:21 GMT-0200 (Hora oficial do Brasil),0,-51.4699201,-25.3648996,false
CAR0012,Wed Dec 12 2018 23:06:25 GMT-0200 (Hora oficial do Brasil),0,-51.4698895,-25.3648771,false
CAR0012,Wed Dec 12 2018 23:36:28 GMT-0200 (Hora oficial do Brasil),0,-51.4698733,-25.3649048,false
CAR0012,Thu Dec 13 2018 00:06:31 GMT-0200 (Hora oficial do Brasil),0,-51.4699545,-25.3649083,false
CAR0012,Thu Dec 13 2018 00:36:34 GMT-0200 (Hora oficial do Brasil),0,-51.4699038,-25.3648861,false
CAR0012,Thu Dec 13 2018 01:06:37 GMT-0200 (Hora oficial do Brasil),0,-51.4699203,-25.3648535,false
CAR0012,Thu Dec 13 2018 01:36:40 GMT-0200 (Hora oficial do Brasil),0,-51.4699281,-25.3648973,false
CAR0012,Thu Dec 13 2018 02:06:44 GMT-0200 (Hora oficial do Brasil),0,-51.469911,-25.3648775,false
CAR0012,Thu Dec 13 2018 02:36:47 GMT-0200 (Hora oficial do Brasil),0,-51.469942,-25.3649093,false
CAR0012,Thu Dec 13 2018 03:06:50 GMT-0200 (Hora oficial do Brasil),0,-51.4699666,-25.3649156,false
CAR0012,Thu Dec 13 2018 03:36:53 GMT-0200 (Hora oficial do Brasil),0,-51.4699606,-25.3648976,false
CAR0012,Thu Dec 13 2018 04:06:56 GMT-0200 (Hora oficial do Brasil),0,-51.4699236,-25.3649788,false
CAR0012,Thu Dec 13 2018 04:36:59 GMT-0200 (Hora oficial do Brasil),0,-51.4699591,-25.3648965,false
CAR0012,Thu Dec 13 2018 05:07:01 GMT-0200 (Hora oficial do Brasil),0,-51.4699126,-25.3648581,false
CAR0012,Thu Dec 13 2018 05:37:04 GMT-0200 (Hora oficial do Brasil),0,-51.4699108,-25.3649603,false
CAR0012,Thu Dec 13 2018 06:07:07 GMT-0200 (Hora oficial do Brasil),0,-51.46988,-25.36492,false
CAR0012,Thu Dec 13 2018 06:37:10 GMT-0200 (Hora oficial do Brasil),0,-51.4699468,-25.3649313,false
CAR0012,Thu Dec 13 2018 07:07:13 GMT-0200 (Hora oficial do Brasil),0,-51.4699435,-25.3649275,false
CAR0012,Thu Dec 13 2018 07:37:16 GMT-0200 (Hora oficial do Brasil),0,-51.4699078,-25.3648921,false
CAR0012,Thu Dec 13 2018 08:07:19 GMT-0200 (Hora oficial do Brasil),0,-51.469928,-25.3649106,false
CAR0012,Thu Dec 13 2018 08:37:21 GMT-0200 (Hora oficial do Brasil),0,-51.469958,-25.3649186,false
CAR0012,Thu Dec 13 2018 09:07:24 GMT-0200 (Hora oficial do Brasil),0,-51.4699256,-25.364874,false
CAR0012,Thu Dec 13 2018 09:37:27 GMT-0200 (Hora oficial do Brasil),0,-51.4699675,-25.3648606,false
CAR0012,Thu Dec 13 2018 10:07:30 GMT-0200 (Hora oficial do Brasil),0,-51.4699991,-25.364945,false
CAR0012,Thu Dec 13 2018 10:37:33 GMT-0200 (Hora oficial do Brasil),0,-51.4699531,-25.3649006,false
CAR0012,Thu Dec 13 2018 11:07:36 GMT-0200 (Hora oficial do Brasil),0,-51.4699123,-25.3648865,false
CAR0012,Thu Dec 13 2018 11:37:39 GMT-0200 (Hora oficial do Brasil),0,-51.4699135,-25.3648901,false
CAR0012,Thu Dec 13 2018 12:07:43 GMT-0200 (Hora oficial do Brasil),0,-51.4699678,-25.3649675,false
CAR0012,Thu Dec 13 2018 12:37:46 GMT-0200 (Hora oficial do Brasil),0,-51.4699683,-25.364934,false
CAR0012,Thu Dec 13 2018 13:07:49 GMT-0200 (Hora oficial do Brasil),0,-51.4699355,-25.364874,false
CAR0012,Thu Dec 13 2018 13:37:52 GMT-0200 (Hora oficial do Brasil),0,-51.4699716,-25.3649676,false
CAR0012,Thu Dec 13 2018 14:07:55 GMT-0200 (Hora oficial do Brasil),0,-51.4699243,-25.3648706,false
CAR0012,Thu Dec 13 2018 14:37:58 GMT-0200 (Hora oficial do Brasil),0,-51.4700285,-25.3648628,false
CAR0012,Thu Dec 13 2018 15:08:02 GMT-0200 (Hora oficial do Brasil),0,-51.469924,-25.3649066,false
CAR0012,Thu Dec 13 2018 15:38:05 GMT-0200 (Hora oficial do Brasil),0,-51.4699498,-25.364933,false
CAR0012,Thu Dec 13 2018 16:08:08 GMT-0200 (Hora oficial do Brasil),0,-51.4699256,-25.3649296,false
CAR0012,Thu Dec 13 2018 16:38:11 GMT-0200 (Hora oficial do Brasil),0,-51.4699331,-25.3649261,false
CAR0012,Thu Dec 13 2018 17:08:14 GMT-0200 (Hora oficial do Brasil),0,-51.469937,-25.3649083,false
CAR0012,Thu Dec 13 2018 17:38:17 GMT-0200 (Hora oficial do Brasil),0,-51.4699813,-25.3648966,false
CAR0012,Thu Dec 13 2018 18:08:20 GMT-0200 (Hora oficial do Brasil),0,-51.4698716,-25.3649361,false
CAR0012,Thu Dec 13 2018 18:38:23 GMT-0200 (Hora oficial do Brasil),0,-51.4699578,-25.3648731,false
CAR0012,Thu Dec 13 2018 19:08:26 GMT-0200 (Hora oficial do Brasil),0,-51.4699211,-25.3648646,false
CAR0012,Thu Dec 13 2018 19:38:29 GMT-0200 (Hora oficial do Brasil),0,-51.4699006,-25.3648618,false
CAR0012,Thu Dec 13 2018 20:08:32 GMT-0200 (Hora oficial do Brasil),0,-51.4699216,-25.3648846,false
CAR0012,Thu Dec 13 2018 20:38:35 GMT-0200 (Hora oficial do Brasil),0,-51.4699343,-25.364945,false
CAR0012,Thu Dec 13 2018 21:08:38 GMT-0200 (Hora oficial do Brasil),0,-51.4699181,-25.3648933,false
CAR0012,Thu Dec 13 2018 21:38:41 GMT-0200 (Hora oficial do Brasil),0,-51.4699303,-25.3648806,false
CAR0012,Thu Dec 13 2018 22:08:44 GMT-0200 (Hora oficial do Brasil),0,-51.4699323,-25.3648836,false
CAR0012,Thu Dec 13 2018 22:38:47 GMT-0200 (Hora oficial do Brasil),0,-51.4699251,-25.3648863,false
CAR0012,Thu Dec 13 2018 23:08:50 GMT-0200 (Hora oficial do Brasil),0,-51.4699088,-25.3648528,false
CAR0012,Thu Dec 13 2018 23:38:53 GMT-0200 (Hora oficial do Brasil),0,-51.4699313,-25.3649138,false
CAR0012,Fri Dec 14 2018 00:08:56 GMT-0200 (Hora oficial do Brasil),0,-51.469933,-25.3648993,false
CAR0012,Fri Dec 14 2018 00:38:58 GMT-0200 (Hora oficial do Brasil),0,-51.4698688,-25.3648641,false
CAR0012,Fri Dec 14 2018 01:09:00 GMT-0200 (Hora oficial do Brasil),0,-51.4699373,-25.3649343,false
CAR0012,Fri Dec 14 2018 01:39:03 GMT-0200 (Hora oficial do Brasil),0,-51.4698966,-25.3648891,false
CAR0012,Fri Dec 14 2018 02:09:07 GMT-0200 (Hora oficial do Brasil),0,-51.4699285,-25.3649325,false
CAR0012,Fri Dec 14 2018 02:39:10 GMT-0200 (Hora oficial do Brasil),0,-51.4699075,-25.3649,false
CAR0012,Fri Dec 14 2018 03:09:13 GMT-0200 (Hora oficial do Brasil),0,-51.4699276,-25.3649213,false
CAR0012,Fri Dec 14 2018 03:39:16 GMT-0200 (Hora oficial do Brasil),0,-51.4699506,-25.3649025,false
CAR0012,Fri Dec 14 2018 04:09:18 GMT-0200 (Hora oficial do Brasil),0,-51.4699058,-25.3649203,false
CAR0012,Fri Dec 14 2018 04:39:22 GMT-0200 (Hora oficial do Brasil),0,-51.4698996,-25.3648626,false
CAR0012,Fri Dec 14 2018 05:09:25 GMT-0200 (Hora oficial do Brasil),0,-51.469876,-25.3648803,false
CAR0012,Fri Dec 14 2018 05:39:28 GMT-0200 (Hora oficial do Brasil),0,-51.4699198,-25.3649125,false
CAR0012,Fri Dec 14 2018 06:09:32 GMT-0200 (Hora oficial do Brasil),0,-51.4699398,-25.364918,false
CAR0012,Fri Dec 14 2018 06:39:35 GMT-0200 (Hora oficial do Brasil),0,-51.469995,-25.3648658,false
CAR0012,Fri Dec 14 2018 07:09:38 GMT-0200 (Hora oficial do Brasil),0,-51.4699478,-25.3648808,false
CAR0012,Fri Dec 14 2018 07:39:41 GMT-0200 (Hora oficial do Brasil),0,-51.469888,-25.3648953,false
CAR0012,Fri Dec 14 2018 08:09:43 GMT-0200 (Hora oficial do Brasil),0,-51.4699531,-25.3649106,false
CAR0012,Fri Dec 14 2018 08:39:46 GMT-0200 (Hora oficial do Brasil),0,-51.46991,-25.3648886,false
CAR0012,Fri Dec 14 2018 09:09:49 GMT-0200 (Hora oficial do Brasil),0,-51.4699768,-25.3648583,false
CAR0012,Fri Dec 14 2018 09:39:52 GMT-0200 (Hora oficial do Brasil),0,-51.4699736,-25.3648736,false
CAR0012,Fri Dec 14 2018 10:09:55 GMT-0200 (Hora oficial do Brasil),0,-51.4698985,-25.3648908,false
CAR0012,Fri Dec 14 2018 10:39:58 GMT-0200 (Hora oficial do Brasil),0,-51.4699571,-25.3649115,false
CAR0012,Fri Dec 14 2018 11:10:01 GMT-0200 (Hora oficial do Brasil),0,-51.4698888,-25.3648943,false
CAR0012,Fri Dec 14 2018 11:40:04 GMT-0200 (Hora oficial do Brasil),0,-51.4699575,-25.3648446,false
CAR0012,Fri Dec 14 2018 12:10:07 GMT-0200 (Hora oficial do Brasil),0,-51.46994,-25.3649028,false
CAR0012,Fri Dec 14 2018 12:40:10 GMT-0200 (Hora oficial do Brasil),0,-51.4700176,-25.364928,false
CAR0012,Fri Dec 14 2018 13:10:13 GMT-0200 (Hora oficial do Brasil),0,-51.4699388,-25.3648618,false
CAR0012,Fri Dec 14 2018 13:40:16 GMT-0200 (Hora oficial do Brasil),0,-51.4700676,-25.3648881,false
CAR0012,Fri Dec 14 2018 14:10:19 GMT-0200 (Hora oficial do Brasil),0,-51.4699241,-25.364868,false
CAR0012,Fri Dec 14 2018 14:40:22 GMT-0200 (Hora oficial do Brasil),0,-51.4699741,-25.3649655,false
CAR0012,Fri Dec 14 2018 14:43:07 GMT-0200 (Hora oficial do Brasil),0,-51.469969,-25.3648951,true
CAR0012,Fri Dec 14 2018 14:45:06 GMT-0200 (Hora oficial do Brasil),0,-51.4699006,-25.3649545,true
CAR0012,Fri Dec 14 2018 14:47:06 GMT-0200 (Hora oficial do Brasil),0,-51.469917,-25.364975,true
CAR0012,Fri Dec 14 2018 14:49:06 GMT-0200 (Hora oficial do Brasil),0,-51.4699336,-25.3649688,true
CAR0012,Fri Dec 14 2018 14:51:06 GMT-0200 (Hora oficial do Brasil),0,-51.4699423,-25.3649633,true
CAR0012,Fri Dec 14 2018 14:53:06 GMT-0200 (Hora oficial do Brasil),0,-51.4699488,-25.3649808,true
CAR0012,Fri Dec 14 2018 14:55:06 GMT-0200 (Hora oficial do Brasil),0,-51.4699538,-25.3649505,true
CAR0012,Fri Dec 14 2018 14:57:06 GMT-0200 (Hora oficial do Brasil),0,-51.4699533,-25.3649326,true
CAR0012,Fri Dec 14 2018 14:59:06 GMT-0200 (Hora oficial do Brasil),0,-51.4699513,-25.3649436,true
CAR0012,Fri Dec 14 2018 15:01:06 GMT-0200 (Hora oficial do Brasil),0,-51.4699645,-25.3649651,true
CAR0012,Fri Dec 14 2018 15:03:06 GMT-0200 (Hora oficial do Brasil),0,-51.469934,-25.3649556,true
CAR0012,Fri Dec 14 2018 15:05:06 GMT-0200 (Hora oficial do Brasil),0,-51.469926,-25.3649646,true
CAR0012,Fri Dec 14 2018 15:07:06 GMT-0200 (Hora oficial do Brasil),0,-51.4699153,-25.3649593,true
CAR0012,Fri Dec 14 2018 15:08:25 GMT-0200 (Hora oficial do Brasil),0,-51.4699311,-25.3649606,false
CAR0012,Fri Dec 14 2018 15:08:25 GMT-0200 (Hora oficial do Brasil),0,-51.4699311,-25.3649606,false
CAR0012,Fri Dec 14 2018 15:40:28 GMT-0200 (Hora oficial do Brasil),0,-51.4699666,-25.3649753,false
CAR0012,Fri Dec 14 2018 16:10:30 GMT-0200 (Hora oficial do Brasil),0,-51.4699085,-25.3649238,false
CAR0012,Fri Dec 14 2018 16:40:33 GMT-0200 (Hora oficial do Brasil),0,-51.4699563,-25.364919,false
CAR0012,Fri Dec 14 2018 17:10:36 GMT-0200 (Hora oficial do Brasil),0,-51.4699208,-25.3649073,false
CAR0012,Fri Dec 14 2018 17:40:39 GMT-0200 (Hora oficial do Brasil),0,-51.4699141,-25.364906,false
CAR0012,Fri Dec 14 2018 18:10:42 GMT-0200 (Hora oficial do Brasil),0,-51.4699125,-25.364866,false
CAR0012,Fri Dec 14 2018 18:40:45 GMT-0200 (Hora oficial do Brasil),0,-51.4699175,-25.3648846,false
CAR0012,Fri Dec 14 2018 19:10:48 GMT-0200 (Hora oficial do Brasil),0,-51.469964,-25.3648981,false
CAR0012,Fri Dec 14 2018 19:40:52 GMT-0200 (Hora oficial do Brasil),0,-51.4699383,-25.3648968,false
CAR0012,Fri Dec 14 2018 20:10:55 GMT-0200 (Hora oficial do Brasil),0,-51.4699185,-25.364897,false
CAR0012,Fri Dec 14 2018 20:40:58 GMT-0200 (Hora oficial do Brasil),0,-51.4699011,-25.3649108,false
CAR0012,Fri Dec 14 2018 21:11:01 GMT-0200 (Hora oficial do Brasil),0,-51.4699095,-25.3648665,false
CAR0012,Fri Dec 14 2018 21:41:03 GMT-0200 (Hora oficial do Brasil),0,-51.4699086,-25.364885,false
CAR0012,Fri Dec 14 2018 22:11:05 GMT-0200 (Hora oficial do Brasil),0,-51.4699373,-25.3648901,false
CAR0012,Fri Dec 14 2018 22:41:08 GMT-0200 (Hora oficial do Brasil),0,-51.4699368,-25.364944,false
CAR0012,Fri Dec 14 2018 23:11:11 GMT-0200 (Hora oficial do Brasil),0,-51.4699131,-25.364898,false
CAR0012,Fri Dec 14 2018 23:41:14 GMT-0200 (Hora oficial do Brasil),0,-51.4699123,-25.364933,false
CAR0012,Sat Dec 15 2018 00:11:17 GMT-0200 (Hora oficial do Brasil),0,-51.4699275,-25.3648945,false
CAR0012,Sat Dec 15 2018 00:41:19 GMT-0200 (Hora oficial do Brasil),0,-51.4699221,-25.3649153,false
CAR0012,Sat Dec 15 2018 01:11:21 GMT-0200 (Hora oficial do Brasil),0,-51.4699078,-25.3648998,false
CAR0012,Sat Dec 15 2018 01:41:25 GMT-0200 (Hora oficial do Brasil),0,-51.4698823,-25.3649035,false
CAR0012,Sat Dec 15 2018 02:11:28 GMT-0200 (Hora oficial do Brasil),0,-51.469921,-25.3649348,false
CAR0012,Sat Dec 15 2018 02:41:31 GMT-0200 (Hora oficial do Brasil),0,-51.4698623,-25.3649355,false
CAR0012,Sat Dec 15 2018 03:11:34 GMT-0200 (Hora oficial do Brasil),0,-51.4699476,-25.3648905,false
CAR0012,Sat Dec 15 2018 03:41:37 GMT-0200 (Hora oficial do Brasil),0,-51.4699245,-25.3649128,false
CAR0012,Sat Dec 15 2018 04:11:40 GMT-0200 (Hora oficial do Brasil),0,-51.4699488,-25.3649083,false
CAR0012,Sat Dec 15 2018 04:41:43 GMT-0200 (Hora oficial do Brasil),0,-51.4699216,-25.3648816,false
CAR0012,Sat Dec 15 2018 05:11:46 GMT-0200 (Hora oficial do Brasil),0,-51.4699156,-25.3648985,false
CAR0012,Sat Dec 15 2018 05:41:49 GMT-0200 (Hora oficial do Brasil),0,-51.4699086,-25.3649075,false
CAR0012,Sat Dec 15 2018 06:11:52 GMT-0200 (Hora oficial do Brasil),0,-51.4699068,-25.3649218,false
CAR0012,Sat Dec 15 2018 06:41:55 GMT-0200 (Hora oficial do Brasil),0,-51.4699133,-25.3649541,false
CAR0012,Sat Dec 15 2018 07:11:58 GMT-0200 (Hora oficial do Brasil),0,-51.4699466,-25.3648486,false
CAR0012,Sat Dec 15 2018 07:42:01 GMT-0200 (Hora oficial do Brasil),0,-51.4699045,-25.3648893,false
CAR0012,Sat Dec 15 2018 08:12:03 GMT-0200 (Hora oficial do Brasil),0,-51.4699436,-25.3648903,false
CAR0012,Sat Dec 15 2018 08:42:06 GMT-0200 (Hora oficial do Brasil),0,-51.4699268,-25.364951,false
CAR0012,Sat Dec 15 2018 09:12:09 GMT-0200 (Hora oficial do Brasil),0,-51.4699788,-25.3648386,false
CAR0012,Sat Dec 15 2018 09:42:12 GMT-0200 (Hora oficial do Brasil),0,-51.469924,-25.3648811,false
CAR0012,Sat Dec 15 2018 10:12:15 GMT-0200 (Hora oficial do Brasil),0,-51.469917,-25.3649161,false
CAR0012,Sat Dec 15 2018 10:42:18 GMT-0200 (Hora oficial do Brasil),0,-51.4699683,-25.3649031,false
CAR0012,Sat Dec 15 2018 11:12:21 GMT-0200 (Hora oficial do Brasil),0,-51.4699056,-25.3649048,false
CAR0012,Sat Dec 15 2018 11:42:24 GMT-0200 (Hora oficial do Brasil),0,-51.4699781,-25.3648631,false
CAR0012,Sat Dec 15 2018 12:12:27 GMT-0200 (Hora oficial do Brasil),0,-51.4699318,-25.3648923,false
CAR0012,Sat Dec 15 2018 12:42:31 GMT-0200 (Hora oficial do Brasil),0,-51.4698981,-25.3649015,false
CAR0012,Sat Dec 15 2018 13:12:34 GMT-0200 (Hora oficial do Brasil),0,-51.4699003,-25.364821,false
CAR0012,Sat Dec 15 2018 13:42:37 GMT-0200 (Hora oficial do Brasil),0,-51.4699771,-25.3649036,false
CAR0012,Sat Dec 15 2018 14:12:40 GMT-0200 (Hora oficial do Brasil),0,-51.4699465,-25.364872,false
CAR0012,Sat Dec 15 2018 14:42:43 GMT-0200 (Hora oficial do Brasil),0,-51.469987,-25.3648946,false
CAR0012,Sat Dec 15 2018 15:12:46 GMT-0200 (Hora oficial do Brasil),0,-51.4699375,-25.3649386,false
CAR0012,Sat Dec 15 2018 15:42:49 GMT-0200 (Hora oficial do Brasil),0,-51.4699568,-25.364813,false
CAR0012,Sat Dec 15 2018 16:12:52 GMT-0200 (Hora oficial do Brasil),0,-51.4698913,-25.3648948,false
CAR0012,Sat Dec 15 2018 16:42:55 GMT-0200 (Hora oficial do Brasil),0,-51.469922,-25.3648903,false
CAR0012,Sat Dec 15 2018 17:12:58 GMT-0200 (Hora oficial do Brasil),0,-51.4699361,-25.3648885,false
CAR0012,Sat Dec 15 2018 17:43:01 GMT-0200 (Hora oficial do Brasil),0,-51.4699158,-25.3649293,false
CAR0012,Sat Dec 15 2018 18:13:04 GMT-0200 (Hora oficial do Brasil),0,-51.4699205,-25.364879,false
CAR0012,Sat Dec 15 2018 18:43:06 GMT-0200 (Hora oficial do Brasil),0,-51.4699346,-25.3648801,false
CAR0012,Sat Dec 15 2018 19:13:09 GMT-0200 (Hora oficial do Brasil),0,-51.46988,-25.364877,false
CAR0012,Sat Dec 15 2018 19:43:12 GMT-0200 (Hora oficial do Brasil),0,-51.4699506,-25.3649065,false
CAR0012,Sat Dec 15 2018 20:13:15 GMT-0200 (Hora oficial do Brasil),0,-51.4699076,-25.3648578,false
CAR0012,Sat Dec 15 2018 20:43:18 GMT-0200 (Hora oficial do Brasil),0,-51.4699598,-25.364932,false
CAR0012,Sat Dec 15 2018 21:13:21 GMT-0200 (Hora oficial do Brasil),0,-51.4699346,-25.3649156,false
CAR0012,Sat Dec 15 2018 21:43:24 GMT-0200 (Hora oficial do Brasil),0,-51.4699061,-25.3648806,false
CAR0012,Sat Dec 15 2018 22:13:28 GMT-0200 (Hora oficial do Brasil),0,-51.4699166,-25.3649096,false
CAR0012,Sat Dec 15 2018 22:43:31 GMT-0200 (Hora oficial do Brasil),0,-51.4699185,-25.3648978,false
CAR0012,Sat Dec 15 2018 23:13:34 GMT-0200 (Hora oficial do Brasil),0,-51.4699151,-25.3649193,false
CAR0012,Sat Dec 15 2018 23:43:37 GMT-0200 (Hora oficial do Brasil),0,-51.4698755,-25.3648601,false
CAR0012,Sun Dec 16 2018 00:13:40 GMT-0200 (Hora oficial do Brasil),0,-51.4699206,-25.3648873,false
CAR0012,Sun Dec 16 2018 00:43:43 GMT-0200 (Hora oficial do Brasil),0,-51.469905,-25.3649091,false
CAR0012,Sun Dec 16 2018 01:13:46 GMT-0200 (Hora oficial do Brasil),0,-51.4699118,-25.364876,false
CAR0012,Sun Dec 16 2018 01:43:49 GMT-0200 (Hora oficial do Brasil),0,-51.4698788,-25.3648756,false
CAR0012,Sun Dec 16 2018 02:13:52 GMT-0200 (Hora oficial do Brasil),0,-51.4698986,-25.3648998,false
CAR0012,Sun Dec 16 2018 02:43:55 GMT-0200 (Hora oficial do Brasil),0,-51.4699766,-25.3648603,false
CAR0012,Sun Dec 16 2018 03:13:58 GMT-0200 (Hora oficial do Brasil),0,-51.4699233,-25.3649248,false
CAR0012,Sun Dec 16 2018 03:44:00 GMT-0200 (Hora oficial do Brasil),0,-51.4699571,-25.3649386,false
CAR0012,Sun Dec 16 2018 04:14:02 GMT-0200 (Hora oficial do Brasil),0,-51.4699351,-25.3649,false
CAR0012,Sun Dec 16 2018 04:44:05 GMT-0200 (Hora oficial do Brasil),0,-51.4699146,-25.3648815,false
CAR0012,Sun Dec 16 2018 05:14:08 GMT-0200 (Hora oficial do Brasil),0,-51.4699348,-25.3649381,false
CAR0012,Sun Dec 16 2018 05:44:11 GMT-0200 (Hora oficial do Brasil),0,-51.4698931,-25.3648833,false
CAR0012,Sun Dec 16 2018 06:14:14 GMT-0200 (Hora oficial do Brasil),0,-51.4699223,-25.3649295,false
CAR0012,Sun Dec 16 2018 06:44:17 GMT-0200 (Hora oficial do Brasil),0,-51.4699381,-25.3649481,false
CAR0012,Sun Dec 16 2018 07:14:20 GMT-0200 (Hora oficial do Brasil),0,-51.469931,-25.3649108,false
CAR0012,Sun Dec 16 2018 07:44:23 GMT-0200 (Hora oficial do Brasil),0,-51.4699288,-25.3648698,false
CAR0012,Sun Dec 16 2018 08:14:26 GMT-0200 (Hora oficial do Brasil),0,-51.4699386,-25.3648906,false
CAR0012,Sun Dec 16 2018 08:44:29 GMT-0200 (Hora oficial do Brasil),0,-51.4699436,-25.3649165,false
CAR0012,Sun Dec 16 2018 09:14:32 GMT-0200 (Hora oficial do Brasil),0,-51.4699326,-25.364883,false
CAR0012,Sun Dec 16 2018 09:44:35 GMT-0200 (Hora oficial do Brasil),0,-51.469932,-25.3648881,false
CAR0012,Sun Dec 16 2018 10:14:38 GMT-0200 (Hora oficial do Brasil),0,-51.4699075,-25.3649695,false
CAR0012,Sun Dec 16 2018 10:44:40 GMT-0200 (Hora oficial do Brasil),0,-51.469908,-25.3649213,false
CAR0012,Sun Dec 16 2018 11:14:43 GMT-0200 (Hora oficial do Brasil),0,-51.4699595,-25.364891,false
CAR0012,Sun Dec 16 2018 11:44:47 GMT-0200 (Hora oficial do Brasil),0,-51.4699606,-25.3648895,false
CAR0012,Sun Dec 16 2018 12:14:50 GMT-0200 (Hora oficial do Brasil),0,-51.469899,-25.3649125,false
CAR0012,Sun Dec 16 2018 12:44:53 GMT-0200 (Hora oficial do Brasil),0,-51.469894,-25.3649056,false
CAR0012,Sun Dec 16 2018 13:14:56 GMT-0200 (Hora oficial do Brasil),0,-51.4699513,-25.3648403,false
CAR0012,Sun Dec 16 2018 13:44:59 GMT-0200 (Hora oficial do Brasil),0,-51.4700025,-25.3649438,false
CAR0012,Sun Dec 16 2018 14:15:02 GMT-0200 (Hora oficial do Brasil),0,-51.4699766,-25.3649058,false
CAR0012,Sun Dec 16 2018 14:45:04 GMT-0200 (Hora oficial do Brasil),0,-51.469964,-25.3649553,false
CAR0012,Sun Dec 16 2018 15:15:07 GMT-0200 (Hora oficial do Brasil),0,-51.4699475,-25.3649568,false
CAR0012,Sun Dec 16 2018 15:45:10 GMT-0200 (Hora oficial do Brasil),0,-51.4699291,-25.3648606,false
CAR0012,Sun Dec 16 2018 16:15:13 GMT-0200 (Hora oficial do Brasil),0,-51.469886,-25.3648891,false
CAR0012,Sun Dec 16 2018 16:45:16 GMT-0200 (Hora oficial do Brasil),0,-51.4699146,-25.3648788,false
CAR0012,Sun Dec 16 2018 17:15:19 GMT-0200 (Hora oficial do Brasil),0,-51.4699336,-25.3649128,false
CAR0012,Sun Dec 16 2018 17:45:22 GMT-0200 (Hora oficial do Brasil),0,-51.469926,-25.3648955,false
CAR0012,Sun Dec 16 2018 18:15:25 GMT-0200 (Hora oficial do Brasil),0,-51.469895,-25.3648921,false
CAR0012,Sun Dec 16 2018 18:45:28 GMT-0200 (Hora oficial do Brasil),0,-51.469889,-25.3648691,false
CAR0012,Sun Dec 16 2018 19:15:31 GMT-0200 (Hora oficial do Brasil),0,-51.4698858,-25.3648745,false
CAR0012,Sun Dec 16 2018 19:45:34 GMT-0200 (Hora oficial do Brasil),0,-51.4698793,-25.3648978,false
CAR0012,Sun Dec 16 2018 20:15:37 GMT-0200 (Hora oficial do Brasil),0,-51.4698841,-25.3649161,false
CAR0012,Sun Dec 16 2018 20:45:40 GMT-0200 (Hora oficial do Brasil),0,-51.4699263,-25.3649268,false
CAR0012,Sun Dec 16 2018 21:15:43 GMT-0200 (Hora oficial do Brasil),0,-51.4699053,-25.3648945,false
CAR0012,Sun Dec 16 2018 21:45:47 GMT-0200 (Hora oficial do Brasil),0,-51.469924,-25.3649281,false